brand,seed,ate,ci_lower,ci_upper,stderr,error,n,seconds
Remibrutinib,2001,-0.01356280942389458,-0.05205128081834286,0.024925661970553695,0.019637336041907115,,3354,2.8
Fabhalta,2001,0.03341700582579926,-0.007491218580334413,0.07432523023193294,0.020871926590902968,,3404,2.5
Kisqali,2001,-0.023047938086452707,-0.061743354511382784,0.015647478338477367,0.01974292218130261,,3378,2.4
Remibrutinib,2002,0.006249222020143568,-0.0319421667233138,0.04444061076360093,0.019485760475552703,,3354,2.4
Fabhalta,2002,0.027139499336424008,-0.012004308970335217,0.06628330764318323,0.019971697753387613,,3404,2.5
Kisqali,2002,0.014184158779677531,-0.023932827191617254,0.05230114475097232,0.019447799179962855,,3378,2.4
Remibrutinib,2003,0.007350489112755727,-0.03146051460160128,0.04616149282711274,0.019801896371817677,,3354,2.6
Fabhalta,2003,0.015322931633214434,-0.02462738440683906,0.055273247673267925,0.02038318885202815,,3404,2.4
Kisqali,2003,0.02056136516866781,-0.018098526220567467,0.059221256557903085,0.0197247968300334,,3378,2.6
Remibrutinib,2004,-0.032070507778813,-0.07029749418060649,0.0061564786229804935,0.0195039228798708,,3354,2.5
Fabhalta,2004,0.0035529825129262064,-0.03721923313603487,0.04432519816188728,0.020802533092733905,,3404,2.5
Kisqali,2004,0.014909277264990368,-0.023720670255925044,0.05353922478590578,0.019709519065464223,,3378,2.5
Remibrutinib,2005,0.009460484665035915,-0.027691157991109126,0.04661212732118095,0.018955268030021198,,3354,4.9
Fabhalta,2005,0.009847408930286536,-0.02929841913859476,0.048993236999167834,0.01997272826320208,,3404,3.3
Kisqali,2005,0.04145043867264976,0.004012604717448513,0.078888272627851,0.019101286682054425,,3378,3.1
Remibrutinib,2006,-0.008251204828233155,-0.04515112227270901,0.028648712616242702,0.018826834439580373,,3354,2.7
Fabhalta,2006,0.022099118458656697,-0.017719460806430852,0.061917697723744246,0.02031597497666867,,3404,2.6
Kisqali,2006,0.020537432263887215,-0.017731591068959492,0.05880645559673392,0.019525370687781967,,3378,2.7
Remibrutinib,2007,0.01364138705585563,-0.025272951826312354,0.052555725938023615,0.019854619365008406,,3354,2.6
Fabhalta,2007,0.008846719117470394,-0.030518366494839393,0.04821180472978018,0.02008459641239154,,3404,2.8
Kisqali,2007,-0.01565793797265223,-0.05350333704272066,0.022187461097416195,0.0193092318882327,,3378,2.7
Remibrutinib,2008,-0.020762603163060337,-0.0596192788107195,0.018094072484598833,0.019825198806792208,,3354,3.2
Fabhalta,2008,-0.017764122538202642,-0.05793968050708224,0.022411435430676953,0.020498110315178893,,3404,2.9
Kisqali,2008,0.005289069321160265,-0.03184474002543506,0.04242287866775559,0.018946169235507432,,3378,3.4
Remibrutinib,2009,0.0011034782605135825,-0.037501822128100014,0.039708778649127176,0.019696943766889234,,3354,2.6
Fabhalta,2009,0.041842989529170684,0.0018976375020417421,0.08178834155629963,0.020380656145833696,,3404,2.6
Kisqali,2009,0.01466501607084549,-0.023788254698955846,0.05311828684064683,0.019619376209520093,,3378,2.5
Remibrutinib,2010,0.0019459823801159953,-0.036537821845885506,0.04042978660611749,0.019634954789759837,,3354,2.5
Fabhalta,2010,0.015484398308817605,-0.02440485934211646,0.055373655959751675,0.020352036040241276,,3404,2.5
Kisqali,2010,-0.018427376405196455,-0.056304809209854964,0.019450056399462054,0.01932557593069611,,3378,2.5
Remibrutinib,2011,0.029707261905957766,-0.008997959144198764,0.0684124829561143,0.01974792463303325,,3354,2.7
Fabhalta,2011,-0.00020698050672215382,-0.04016220961202415,0.039748248598579845,0.020385695564032684,,3404,3.5
Kisqali,2011,0.0009546827558705973,-0.03634062393588058,0.03824998944762178,0.019028567354263552,,3378,2.9
Remibrutinib,2012,0.023336250474536763,-0.01443921602164774,0.061111716970721264,0.019273551347959744,,3354,2.7
Fabhalta,2012,0.010826918394074549,-0.02870528394954664,0.05035912073769574,0.020169861617583877,,3404,2.6
Kisqali,2012,-0.0020486902474983687,-0.040449492711638536,0.0363521122166418,0.01959260617390973,,3378,2.6
Remibrutinib,2013,0.004919875196559544,-0.03331812671658792,0.043157877109707005,0.0195095431419985,,3354,2.6
Fabhalta,2013,0.009431327794351288,-0.02895976994199556,0.04782242553069814,0.01958765469119379,,3404,2.5
Kisqali,2013,0.020557498607882224,-0.01774904271837338,0.05886403993413783,0.019544512872895995,,3378,2.4
Remibrutinib,2014,-0.007396806930251639,-0.046040968258796326,0.03124735439829305,0.019716771141390817,,3354,2.5
Fabhalta,2014,-0.013802168391915833,-0.05268019376787657,0.025075856984044905,0.01983609172547335,,3404,3.1
Kisqali,2014,-0.0077591943700657685,-0.04602917269477095,0.030510783954639416,0.019525857937479414,,3378,2.8
Remibrutinib,2015,-0.003266860794052541,-0.04219926549520272,0.035665543907097634,0.019863836788963484,,3354,2.5
Fabhalta,2015,0.022701699693909096,-0.017624786832737584,0.06302818622055578,0.02057511609638589,,3404,2.4
Kisqali,2015,-0.006647103848556472,-0.0450015034833874,0.03170729578627446,0.019568930825956777,,3378,2.4
Remibrutinib,2016,0.0208733328895269,-0.01825866609142857,0.060005331870482376,0.01996567247644533,,3354,2.6
Fabhalta,2016,0.02868416007725133,-0.011999606912528257,0.06936792706703092,0.02075740539657257,,3404,2.4
Kisqali,2016,-0.006018571658398092,-0.04258284053541498,0.030545697218618793,0.018655582023665324,,3378,2.4
Remibrutinib,2017,0.0056448018135676434,-0.03286517813875311,0.04415478176588839,0.019648309997572694,,3354,2.4
Fabhalta,2017,-0.0025484718658347586,-0.04182021328986878,0.036723269558199254,0.02003697095140753,,3404,2.4
Kisqali,2017,0.012026638548409425,-0.02576411219493539,0.049817389291754235,0.0192813495765399,,3378,2.3
Remibrutinib,2018,-0.011772550310731416,-0.050131598034724625,0.026586497413261797,0.019571302343596362,,3354,2.4
Fabhalta,2018,-0.013072291011887855,-0.052737189196087664,0.02659260717231195,0.020237564821125018,,3404,2.5
Kisqali,2018,-0.01357788617619733,-0.05191130756203551,0.02475553520964085,0.019558227441017963,,3378,2.7
Remibrutinib,2019,-0.01058886841859732,-0.04877861654211053,0.02760087970491589,0.019484923409179497,,3354,2.6
Fabhalta,2019,-0.027230584721471066,-0.0659719218372629,0.01151075239432077,0.01976635153573156,,3404,2.5
Kisqali,2019,0.00047650682661449454,-0.03780003549877784,0.03875304915200683,0.01952920697896126,,3378,2.6
Remibrutinib,2020,0.0008149809864590326,-0.03800023498256968,0.039630196955487744,0.019804045520835176,,3354,2.5
Fabhalta,2020,0.001196733737935789,-0.03954767474323777,0.04194114221910934,0.020788345501529755,,3404,2.5
Kisqali,2020,0.009882938048286327,-0.027918822944785572,0.047684699041358226,0.019286967154114758,,3378,2.4
Remibrutinib,2021,-0.012857428523837533,-0.05163522961838288,0.02592037257070781,0.019784955948384614,,3354,2.4
Fabhalta,2021,-0.0002207753557661694,-0.04054853598499117,0.04010698527345884,0.02057576616066685,,3404,2.4
Kisqali,2021,0.004977394504064114,-0.03510966050313869,0.04506444951126692,0.020452954913153708,,3378,2.4
Remibrutinib,2022,0.019818882757455615,-0.018553992262372088,0.05819175777728332,0.019578357216003997,,3354,2.4
Fabhalta,2022,0.02274557787110662,-0.019028692366944377,0.06451984810915762,0.021313794828660693,,3404,2.6
Kisqali,2022,0.0032452062866912316,-0.03563497968525872,0.04212539225864119,0.01983719409062203,,3378,2.3
Remibrutinib,2023,-0.007020587041794738,-0.04578542348786457,0.031744249404275095,0.01977834121026811,,3354,2.5
Fabhalta,2023,0.03230795049655698,-0.008181539775077726,0.07279744076819168,0.020658282800607893,,3404,2.5
Kisqali,2023,-0.004130165752667351,-0.041310565426399576,0.033050233921064875,0.018969940247375198,,3378,2.4
Remibrutinib,2024,-0.006055336246305824,-0.044475889905526464,0.032365217412914815,0.01960268349943013,,3354,2.4
Fabhalta,2024,0.03934245474414668,-0.0005132996674763884,0.07919820915576975,0.02033494223669424,,3404,2.5
Kisqali,2024,0.05976265785928279,0.02107810644182441,0.09844720927674117,0.019737378708280965,,3378,2.5
Remibrutinib,2025,-0.013246997120496568,-0.05157693312522991,0.025082938884236773,0.01955644915267576,,3354,3.0
Fabhalta,2025,0.025175671611365903,-0.015069538489344617,0.06542088171207643,0.02053364777014252,,3404,2.8
Kisqali,2025,-0.013495511068203946,-0.050915574726021845,0.023924552589613957,0.019092220037195885,,3378,3.2
Remibrutinib,2026,-0.015595155838314868,-0.053328200355188024,0.022137888678558287,0.019251907083245718,,3354,3.2
Fabhalta,2026,0.017067365530463365,-0.02343107559479644,0.05756580665572317,0.02066284964657838,,3404,3.0
Kisqali,2026,0.008025641493785773,-0.029757112032997687,0.04580839502056923,0.019277269289032353,,3378,2.7
Remibrutinib,2027,-0.018009973665027892,-0.0562622921785246,0.02024234484846882,0.0195168476641541,,3354,3.0
Fabhalta,2027,0.0005192398175229573,-0.039229503906199975,0.04026798354124589,0.020280343943692825,,3404,2.7
Kisqali,2027,-0.010956043301665788,-0.04811699370899852,0.026204907105666947,0.018960016969930868,,3378,2.6
Remibrutinib,2028,-0.002974659504896324,-0.04122997051885959,0.035280651509066945,0.019518374478161994,,3354,2.7
Fabhalta,2028,-0.019708550185305172,-0.059718370428933416,0.020301270058323072,0.02041354869743557,,3404,2.5
Kisqali,2028,0.026279415334392427,-0.01141524146444287,0.06397407213322773,0.01923232115292217,,3378,2.7
Remibrutinib,2029,-0.04849021676174993,-0.0870070443202064,-0.009973389203293472,0.019651803738370853,,3354,2.9
Fabhalta,2029,0.005816599947152726,-0.034963486236546056,0.0465966861308515,0.020806548745470277,,3404,2.9
Kisqali,2029,0.006800974334474701,-0.032054293000873535,0.04565624166982293,0.019824480266899615,,3378,2.9
Remibrutinib,2030,-0.0013842829228654214,-0.03949396147867537,0.036725395632944524,0.019444070838247153,,3354,3.2
Fabhalta,2030,0.011673940278409206,-0.028036879550292278,0.05138476010711069,0.020260994662113882,,3404,3.2
Kisqali,2030,0.036612475415334016,-0.0018437367501388177,0.07506868758080684,0.019620876949173832,,3378,2.6
Remibrutinib,2031,0.004680580304743325,-0.033709331470262116,0.043070492079748765,0.01958704959775801,,3354,3.0
Fabhalta,2031,0.006161943558639659,-0.03345826606192139,0.04578215317920071,0.02021476411458589,,3404,2.8
Kisqali,2031,0.0048391446513275545,-0.03249535684112609,0.04217364614378119,0.01904856506902343,,3378,3.1
Remibrutinib,2032,0.004149900523336161,-0.03344286626409687,0.0417426673107692,0.01918033549797853,,3354,3.0
Fabhalta,2032,0.006241572636218443,-0.033595816737003625,0.046078962009440505,0.020325572146965107,,3404,3.2
Kisqali,2032,0.01118034777061972,-0.025670413250077122,0.048031108791316564,0.01880175417067403,,3378,3.6
Remibrutinib,2033,-0.015828994668249424,-0.05459899762719314,0.02294100829069429,0.01978097723466174,,3354,2.7
Fabhalta,2033,0.00660641013542066,-0.03353654257843508,0.0467493628492764,0.02048147467529926,,3404,2.7
Kisqali,2033,0.0029653604755862637,-0.034498923414087605,0.040429644365260135,0.01911478179455713,,3378,2.5
Remibrutinib,2034,-0.01070207518033473,-0.049176034682774025,0.027771884322104562,0.019629931879318697,,3354,2.7
Fabhalta,2034,0.0034001492036479647,-0.03712558450277832,0.04392588291007425,0.02067677468876373,,3404,2.8
Kisqali,2034,0.013469025738390048,-0.02466289217346985,0.05160094365024994,0.019455417656977173,,3378,2.7
Remibrutinib,2035,0.011282169903107963,-0.026924255265317255,0.049488595071533185,0.01949343226191534,,3354,2.7
Fabhalta,2035,0.022238611889363723,-0.01755535618339298,0.06203257996212043,0.020303418015150513,,3404,2.8
Kisqali,2035,-0.005194313066613075,-0.04284363802193468,0.03245501188870853,0.019209192236334282,,3378,2.6
Remibrutinib,2036,0.004276223360905081,-0.03403352713506456,0.042585973856874716,0.01954615023446965,,3354,2.7
Fabhalta,2036,0.012207099657291755,-0.02840914626786878,0.05282334558245229,0.02072295524077805,,3404,2.7
Kisqali,2036,0.007311605842178193,-0.03100766552207309,0.04563087720642948,0.019551007909588553,,3378,2.8
Remibrutinib,2037,0.021809271927823563,-0.01697215393511491,0.06059069779076204,0.019786805353997024,,3354,2.6
Fabhalta,2037,-0.0013331767131619795,-0.040824456364232146,0.03815810293790819,0.020148982309150756,,3404,2.6
Kisqali,2037,0.019674757058885096,-0.01765535731040455,0.057004871428174744,0.019046326699747974,,3378,2.6
Remibrutinib,2038,-0.03760562448834033,-0.07497069289610767,-0.00024055608057298866,0.019064160720553155,,3354,2.9
Fabhalta,2038,0.018187456371539505,-0.021190558567626257,0.05756547131070527,0.020091193128942433,,3404,3.1
Kisqali,2038,-0.015764269561955507,-0.05299509952347877,0.021466560399567756,0.01899567045884277,,3378,2.9
Remibrutinib,2039,-0.014835479611052183,-0.05427628291636942,0.024605323694265057,0.020123228598291232,,3354,3.5
Fabhalta,2039,0.013239133367276308,-0.026604496313496012,0.053082763048048626,0.020328756035852595,,3404,4.1
Kisqali,2039,0.03026677543768957,-0.007495385803337338,0.06802893667871648,0.019266762827730523,,3378,3.3
Remibrutinib,2040,-0.008506653435326821,-0.04717882244581298,0.03016551557515934,0.01973106103761462,,3354,3.0
Fabhalta,2040,0.015563149984593232,-0.02437998550909292,0.055506285478279384,0.02037952524064346,,3404,2.9
Kisqali,2040,0.029668383579663882,-0.008593016982107366,0.06792978414143513,0.01952148144740021,,3378,2.7
Remibrutinib,2041,-0.008488332867276896,-0.04742922739600378,0.030452561661449988,0.019868168413240093,,3354,2.6
Fabhalta,2041,0.04409686856200397,0.004113304465395096,0.08408043265861284,0.020400152457899296,,3404,2.8
Kisqali,2041,0.014916143951012449,-0.023616204950162957,0.053448492852187855,0.0196597229362956,,3378,2.6
Remibrutinib,2042,0.03259735301461761,-0.006777919811735929,0.07197262584097114,0.020089794066085232,,3354,2.7
Fabhalta,2042,0.014384641070746197,-0.024567665783050266,0.05333694792454266,0.01987399113506539,,3404,2.9
Kisqali,2042,0.009107778461126361,-0.028415095921385074,0.0466306528436378,0.019144675452450705,,3378,2.6
Remibrutinib,2043,0.011554969935575313,-0.026199279436820235,0.04930921930797086,0.019262726085885383,,3354,3.0
Fabhalta,2043,0.006606423261317794,-0.03271765878601141,0.045930505308647,0.020063675841756563,,3404,3.0
Kisqali,2043,-0.009621334475704952,-0.04769028076274001,0.028447611811330112,0.019423288686587135,,3378,2.5
Remibrutinib,2044,-0.01427753559979003,-0.0518754201173153,0.02332034891773524,0.019182946632740498,,3354,2.6
Fabhalta,2044,-0.009334363756902147,-0.04930085317553194,0.03063212566172765,0.020391440727421717,,3404,2.5
Kisqali,2044,0.01678726439767141,-0.02124915605528237,0.05482368485062519,0.019406693568341165,,3378,2.4
Remibrutinib,2045,0.018951886053074827,-0.019853190139880166,0.05775696224602982,0.019798872070632162,,3354,2.5
Fabhalta,2045,0.006195654647270069,-0.03383163126283395,0.046222940557374095,0.02042245991550567,,3404,2.6
Kisqali,2045,0.008405684787846188,-0.02931261051899447,0.046123980094686844,0.019244381837808126,,3378,2.5
Remibrutinib,2046,0.010947873652982804,-0.02752404879952093,0.04941979610548654,0.019628892549029147,,3354,2.7
Fabhalta,2046,0.027201183649134167,-0.012715606892923767,0.0671179741911921,0.020366083691800714,,3404,2.6
Kisqali,2046,0.0010965124759707435,-0.03687980481215761,0.03907282976409909,0.01937602812484347,,3378,2.5
Remibrutinib,2047,-0.01621814994006746,-0.05441420494258982,0.021977905062454905,0.019488141263721163,,3354,2.4
Fabhalta,2047,0.02111776491081002,-0.01894881863226572,0.06118434845388576,0.02044251009667313,,3404,2.6
Kisqali,2047,0.03225335638393196,-0.006834820919141858,0.07134153368700577,0.019943314066685095,,3378,2.5
Remibrutinib,2048,0.022292789461337323,-0.016507124660635634,0.06109270358331028,0.019796238312551527,,3354,2.6
Fabhalta,2048,0.00358781407650943,-0.03681643695473118,0.04399206510775004,0.02061479259310079,,3404,2.4
Kisqali,2048,0.0025873129379056538,-0.03545408297270397,0.04062870884851527,0.019409232113791534,,3378,2.4
Remibrutinib,2049,-0.003735390649836043,-0.04228523232695855,0.03481445102728646,0.01966864798598278,,3354,2.4
Fabhalta,2049,0.001260232204707976,-0.03958686038932737,0.042107324798743316,0.020840736317724207,,3404,2.5
Kisqali,2049,0.012974400154748756,-0.025372171589543562,0.05132097189904107,0.019564936930864647,,3378,2.4
Remibrutinib,2050,-0.019905332983952573,-0.058386505211996745,0.0185758392440916,0.01963361190898341,,3354,2.3
Fabhalta,2050,0.004041755432817578,-0.03571513215072457,0.04379864301635973,0.020284499050563898,,3404,2.4
Kisqali,2050,-0.012076609736790186,-0.049130669497859936,0.024977450024279563,0.018905479923788118,,3378,2.5
Remibrutinib,2051,-0.00035343422481606807,-0.03893924448294227,0.03823237603331013,0.019686999640037346,,3354,2.4
Fabhalta,2051,-0.009069602838062001,-0.04879351677914198,0.030654311103017976,0.020267675454455875,,3404,2.4
Kisqali,2051,0.010538782405160067,-0.028997219729308854,0.05007478453962899,0.020171800322007893,,3378,2.4
Remibrutinib,2052,-0.03607463756449217,-0.07346445703919975,0.0013151819102154155,0.01907678904797931,,3354,2.4
Fabhalta,2052,0.01936441261619192,-0.020804100766744486,0.05953292599912833,0.020494516072632217,,3404,2.5
Kisqali,2052,-0.003271401807341342,-0.04176036670850457,0.03521756309382189,0.019637587835674167,,3378,2.4
Remibrutinib,2053,-0.006450923303149787,-0.04414049952837058,0.03123865292207101,0.019229728975895158,,3354,2.5
Fabhalta,2053,0.012284557515183012,-0.028802389947893654,0.05337150497825968,0.02096311349961799,,3404,2.5
Kisqali,2053,0.008166306472259006,-0.030246067901500515,0.04657868084601853,0.01959851031791984,,3378,2.6
Remibrutinib,2054,0.009298877726995556,-0.02924676606277562,0.047844521516766735,0.019666506167365476,,3354,2.5
Fabhalta,2054,0.028349243606488682,-0.011716105066782424,0.0684145922797598,0.020441880049481255,,3404,2.5
Kisqali,2054,0.03939849349988028,0.0010742641775260409,0.07772272282223452,0.01955353752653155,,3378,2.4
Remibrutinib,2055,0.029853667940968817,-0.009866956074559063,0.0695742919564967,0.020265996890166914,,3354,2.5
Fabhalta,2055,0.0008185518537453234,-0.0399898075765321,0.04162691128402275,0.020820974136345653,,3404,2.5
Kisqali,2055,0.003226717395169044,-0.035829254883630035,0.042282689673968116,0.019926882629919537,,3378,2.8
Remibrutinib,2056,0.004466540223336297,-0.03391771205306536,0.04285079249973796,0.019584162045410913,,3354,2.7
Fabhalta,2056,0.05459296976583546,0.015035124990262556,0.09415081454140836,0.020182944731433918,,3404,2.4
Kisqali,2056,-0.04190774086987488,-0.0794482168012573,-0.004367264938492467,0.019153655999547395,,3378,2.5
Remibrutinib,2057,0.030284023133397064,-0.009197687615742405,0.06976573388253654,0.02014410012661772,,3354,2.4
Fabhalta,2057,-0.019870903991615535,-0.05891960854982981,0.019177800566598742,0.019923174541076002,,3404,2.5
Kisqali,2057,-0.014171983256982712,-0.052540736736307145,0.02419677022234172,0.01957625435057597,,3378,2.3
Remibrutinib,2058,-0.0029057278811219765,-0.04065228937981189,0.034840833617567936,0.01925880362926563,,3354,2.8
Fabhalta,2058,0.004715743725263979,-0.03510298366507193,0.04453447111559988,0.020316050552163692,,3404,2.7
Kisqali,2058,0.005994285079209042,-0.03265005499192368,0.04463862515034177,0.01971686233826456,,3378,2.7
Remibrutinib,2059,0.03408752737771251,-0.003968651733385384,0.07214370648881041,0.019416774701617068,,3354,3.1
Fabhalta,2059,0.004605104359419034,-0.03400999760698464,0.04322020632582271,0.019701944663776828,,3404,2.6
Kisqali,2059,0.004858177262718324,-0.03287432607069748,0.04259068059613413,0.01925163096416311,,3378,2.4
Remibrutinib,2060,0.02475579348323137,-0.014215710746570756,0.0637272977130335,0.01988378589464112,,3354,3.2
Fabhalta,2060,0.011806830865851964,-0.028040073215901358,0.051653734947605286,0.020330426679296472,,3404,2.5
Kisqali,2060,0.008768681256309056,-0.03043751029397969,0.047974872806597804,0.020003526523722982,,3378,2.4
Remibrutinib,2061,-0.005553207911140808,-0.04423210057515317,0.03312568475287156,0.019734491536123392,,3354,2.7
Fabhalta,2061,0.003697595672739377,-0.03586261492784587,0.04325780627332462,0.020184151807191943,,3404,2.6
Kisqali,2061,0.013897083911816285,-0.023958557299527117,0.05175272512315969,0.019314457566538917,,3378,2.6
Remibrutinib,2062,0.019770857213655468,-0.01839412124252589,0.05793583566983683,0.01947228559158324,,3354,2.5
Fabhalta,2062,0.017408242713672552,-0.023793695532457252,0.05861018095980236,0.021021783344554006,,3404,2.5
Kisqali,2062,0.007051684544101576,-0.03073610434037007,0.04483947342857322,0.019279838396285297,,3378,2.5
Remibrutinib,2063,0.021314922974798197,-0.016810503306317105,0.0594403492559135,0.019452105539613896,,3354,2.5
Fabhalta,2063,0.03670621272313671,-0.0037878177990177744,0.0772002432452912,0.020660599297520895,,3404,2.6
Kisqali,2063,0.004652438882418042,-0.03299803585311562,0.04230291361795171,0.01920977886967098,,3378,2.5
Remibrutinib,2064,-0.0020841285071911,-0.039374872763644805,0.03520661574926261,0.019026239538378436,,3354,2.6
Fabhalta,2064,0.019666253718790768,-0.020978300328348885,0.060310807765930424,0.020737398425552063,,3404,2.5
Kisqali,2064,-0.012887330036145759,-0.050748796188841885,0.02497413611655037,0.019317429530002875,,3378,2.7
Remibrutinib,2065,0.02574255519118924,-0.013274694695644663,0.06475980507802315,0.019907125944454592,,3354,2.5
Fabhalta,2065,0.023342313046386863,-0.016612237860504114,0.06329686395327784,0.020385349538076917,,3404,2.6
Kisqali,2065,0.0355690926375765,-0.002874452087077352,0.07401263736223035,0.019614413850403193,,3378,2.9
Remibrutinib,2066,-0.00670780258603255,-0.044308269669022946,0.030892664496957847,0.019184264292394195,,3354,2.6
Fabhalta,2066,0.014417491997093914,-0.02476510926532169,0.05360009325950951,0.019991490441397378,,3404,2.6
Kisqali,2066,0.012863477864999303,-0.02579895389902125,0.05152590962901986,0.01972609296343448,,3378,2.6
Remibrutinib,2067,0.02831580075629352,-0.00987147692977933,0.06650307844236637,0.019483662958752933,,3354,3.0
Fabhalta,2067,-0.014971446769276909,-0.0543241647231012,0.024381271184547384,0.020078286266601592,,3404,3.2
Kisqali,2067,-0.024151606563025483,-0.061012135537420395,0.012708922411369433,0.018806737912097405,,3378,2.6
Remibrutinib,2068,0.016009329592876275,-0.02252299834941419,0.05454165753516674,0.01965971224279046,,3354,2.9
Fabhalta,2068,0.029754761454470067,-0.010492017308160562,0.0700015402171007,0.020534448122563526,,3404,3.0
Kisqali,2068,0.015273434149852438,-0.02296773098239211,0.05351459928209699,0.019511157058949038,,3378,2.8
Remibrutinib,2069,-0.01300293163541786,-0.05150418726808156,0.025498323997245838,0.019643858732281156,,3354,2.6
Fabhalta,2069,0.01025078207342456,-0.030336180688904243,0.05083774483575336,0.020708014577039986,,3404,2.6
Kisqali,2069,-0.01398855119606936,-0.05266774079454355,0.024690638402404822,0.019734643036081634,,3378,2.6
Remibrutinib,2070,-0.008978571483465482,-0.047714080650095574,0.029756937683164612,0.019763378037642967,,3354,2.7
Fabhalta,2070,0.007556736433932955,-0.032605029999506874,0.04771850286737278,0.02049107368820587,,3404,2.8
Kisqali,2070,0.004621631644843798,-0.03329800757260497,0.04254127086229256,0.01934711021047022,,3378,2.7
Remibrutinib,2071,0.019712482607289437,-0.018540050430968784,0.05796501564554766,0.019516957117574268,,3354,2.8
Fabhalta,2071,0.008222311352936872,-0.03244385536524344,0.04888847807111718,0.020748425501157092,,3404,2.6
Kisqali,2071,0.03255069285725839,-0.005098395345186468,0.07019978105970325,0.0192090714418306,,3378,2.5
Remibrutinib,2072,0.01496594112392791,-0.023563026512104877,0.0534949087599607,0.019657997769318404,,3354,2.6
Fabhalta,2072,0.006817885162853408,-0.03283607463405813,0.046471844959764946,0.02023198390873349,,3404,2.6
Kisqali,2072,0.012479814417598285,-0.025112034861513564,0.050071663696710136,0.01917986737288622,,3378,2.4
Remibrutinib,2073,0.02596942056276219,-0.01288458321764567,0.06482342434317005,0.019823835584165474,,3354,2.5
Fabhalta,2073,0.029433737566630227,-0.011534832674332422,0.07040230780759288,0.02090271584790206,,3404,2.6
Kisqali,2073,0.030727012700483867,-0.008880797136847775,0.0703348225378155,0.020208437578319298,,3378,2.5
Remibrutinib,2074,0.018835768429596632,-0.02054815688366462,0.05821969374285788,0.020094208681341413,,3354,2.6
Fabhalta,2074,0.06493156940377669,0.025289338304943017,0.10457380050261036,0.020225999769141956,,3404,2.5
Kisqali,2074,-0.004828448562069325,-0.0433708117855188,0.03371391466138014,0.01966483237828181,,3378,2.5
Remibrutinib,2075,-0.013678525420191389,-0.051605363325528716,0.024248312485145942,0.019350783077903166,,3354,2.8
Fabhalta,2075,-0.01186356566526596,-0.05243328528458277,0.02870615395405085,0.020699216893435592,,3404,3.5
Kisqali,2075,-0.02034305412351867,-0.057923891357316196,0.01723778311027885,0.01917424887917859,,3378,3.1
Remibrutinib,2076,0.022393134166013906,-0.01701581006241954,0.06180207839444735,0.020106973668539925,,3354,2.7
Fabhalta,2076,0.02558898199576094,-0.014898629474022759,0.06607659346554463,0.020657324210620616,,3404,2.7
Kisqali,2076,0.03752400270537686,-0.0012830651875136018,0.07633107059826733,0.019799888262741396,,3378,2.5
Remibrutinib,2077,-0.015376682910099033,-0.0533007359669614,0.022547370146763335,0.019349362210735743,,3354,2.6
Fabhalta,2077,0.012989463152639826,-0.02710486305190009,0.053083789357179736,0.020456664775883055,,3404,2.5
Kisqali,2077,0.0006928628734487935,-0.037021582885978774,0.038407308632876364,0.0192424177469149,,3378,2.5
Remibrutinib,2078,0.011291970745126733,-0.026545548980895988,0.04912949047114945,0.01930521174086884,,3354,2.7
Fabhalta,2078,-0.01412839733188757,-0.054232626692889,0.025975832029113865,0.020461717499575753,,3404,2.6
Kisqali,2078,0.011318993126061144,-0.028720420369237002,0.05135840662135929,0.020428647572671713,,3378,2.6
Remibrutinib,2079,0.014158563231747417,-0.024420443017030162,0.052737569480525,0.01968352814290664,,3354,2.5
Fabhalta,2079,-0.015270944591090279,-0.0543346943225288,0.023792805140348237,0.019930850790916773,,3404,2.8
Kisqali,2079,0.0325388077464728,-0.004473864826031564,0.06955148031897718,0.018884363623237782,,3378,2.6
Remibrutinib,2080,0.015991244800015576,-0.02211694815062784,0.054099437750658994,0.01944331286249951,,3354,2.5
Fabhalta,2080,-0.005859505350065019,-0.045339251064289314,0.033620240364159275,0.020143097539360673,,3404,2.6
Kisqali,2080,0.01169806573652483,-0.026877115911466146,0.0502732473845158,0.01968157678011795,,3378,2.5
Remibrutinib,2081,-0.012144597285757433,-0.05024551648024469,0.025956321908729825,0.01943960169422625,,3354,2.6
Fabhalta,2081,-0.009788511136272465,-0.049202131383406025,0.029625109110861095,0.02010935943620555,,3404,2.6
Kisqali,2081,0.029044055775733938,-0.009664043877804607,0.06775215542927249,0.019749393335215908,,3378,2.4
Remibrutinib,2082,0.03966446051254833,0.0009518258541199587,0.0783770951709767,0.019751707155737912,,3354,2.5
Fabhalta,2082,0.0183798990789413,-0.021472532823399584,0.05823233098128218,0.02033324704774771,,3404,2.7
Kisqali,2082,0.014605184473894453,-0.02451892839456183,0.05372929734235073,0.019961648875725425,,3378,2.5
Remibrutinib,2083,0.020033190962809058,-0.019122878132986684,0.059189260058604795,0.01997795337294656,,3354,2.7
Fabhalta,2083,0.007032186122681411,-0.03263496197010936,0.04669933421547218,0.020238712754764975,,3404,2.7
Kisqali,2083,0.011700412411410895,-0.025718758156478876,0.04911958297930066,0.01909176437069631,,3378,2.7
Remibrutinib,2084,0.00126728619795056,-0.03778329312679252,0.04031786552269364,0.01992413107218759,,3354,2.6
Fabhalta,2084,0.0020463398568925464,-0.03723464931447736,0.04132732902826245,0.020041689276544542,,3404,2.5
Kisqali,2084,-0.003691003948380958,-0.041767401538313806,0.034385393641551895,0.019427090441597208,,3378,2.4
Remibrutinib,2085,-0.008779366982591488,-0.04723145859871036,0.029672724633527384,0.019618774589443517,,3354,2.4
Fabhalta,2085,0.027459906280935514,-0.012371573467567173,0.0672913860294382,0.020322556976907907,,3404,2.6
Kisqali,2085,-0.01224241575000263,-0.05036577803525138,0.02588094653524612,0.019451052461147745,,3378,2.4
Remibrutinib,2086,-0.020225373875866648,-0.058637614608370726,0.01818686685663743,0.01959844213235291,,3354,2.4
Fabhalta,2086,-0.007871325257120905,-0.047256341708984205,0.03151369119474239,0.020094765394939547,,3404,2.3
Kisqali,2086,0.010046190142863082,-0.028256319068781868,0.04834869935450803,0.019542455633761776,,3378,2.4
Remibrutinib,2087,0.003544185749195728,-0.035429278001688255,0.04251764950007972,0.019884785668666215,,3354,2.3
Fabhalta,2087,0.003534986220934504,-0.03585263160224944,0.04292260404411845,0.0200960926495938,,3404,2.4
Kisqali,2087,0.011669022618210267,-0.026170315475813444,0.04950836071223398,0.01930613949669259,,3378,2.3
Remibrutinib,2088,-0.015140576692033753,-0.053013409983542086,0.02273225659947458,0.01932322919719159,,3354,2.4
Fabhalta,2088,0.01390087115483693,-0.026699868163763532,0.05450161047343739,0.020715043561439866,,3404,2.4
Kisqali,2088,-0.006060632734310465,-0.04256206196200443,0.030440796493383507,0.018623520388952347,,3378,2.4
Remibrutinib,2089,-0.02585059864105846,-0.06412748915525182,0.01242629187313491,0.0195293846295731,,3354,2.5
Fabhalta,2089,0.020587293729971316,-0.020451984187648275,0.0616265716475909,0.02093879185604031,,3404,2.5
Kisqali,2089,0.023600870379361837,-0.015198888624622979,0.06240062938334665,0.019796159169266567,,3378,2.4
Remibrutinib,2090,-0.01187401050865528,-0.04891154289660795,0.025163521879297386,0.01889704743561617,,3354,2.7
Fabhalta,2090,-0.013800030851829749,-0.0538694436535608,0.026269381949901298,0.020443953622512185,,3404,2.6
Kisqali,2090,-0.010369295437951762,-0.04861239987940964,0.027873809003506115,0.019512146520606816,,3378,2.6
Remibrutinib,2091,-0.03485056563568595,-0.07272188804654592,0.0030207567751740286,0.01932245832555299,,3354,2.5
Fabhalta,2091,0.009597111920393914,-0.031046477600940883,0.05024070144172871,0.020736906311506872,,3404,2.5
Kisqali,2091,0.02507101606004122,-0.012532111365824373,0.06267414348590682,0.019185621635129154,,3378,2.6
Remibrutinib,2092,-0.02176539659385986,-0.05962083363520808,0.016090040447488355,0.01931435339625987,,3354,2.5
Fabhalta,2092,0.002985087648998198,-0.036231305379594646,0.042201480677591045,0.02000873145523426,,3404,2.6
Kisqali,2092,0.03491872437885441,-0.003747970291479108,0.07358541904918793,0.019728267955600964,,3378,2.6
Remibrutinib,2093,-0.014061316615064691,-0.051940488815800476,0.023817855585671094,0.019326463393981662,,3354,2.5
Fabhalta,2093,0.004420320228338215,-0.03561673785844303,0.04445737831511946,0.020427445811549833,,3404,2.7
Kisqali,2093,0.03319058849037311,-0.004745560063006575,0.0711267370437528,0.019355533495827065,,3378,2.5
Remibrutinib,2094,-0.0014813010680883765,-0.039375761895866244,0.036413159759689485,0.019334263857236432,,3354,2.5
Fabhalta,2094,-0.02553887328644104,-0.06559855462189644,0.014520808049014358,0.020438988497462743,,3404,2.4
Kisqali,2094,0.025467414413732556,-0.012905741778752082,0.0638405706062172,0.019578500674077282,,3378,2.3
Remibrutinib,2095,-0.0006155271172890622,-0.039482504195298765,0.038251449960720635,0.01983045473518262,,3354,2.4
Fabhalta,2095,0.018795881980096546,-0.02075774318736704,0.05834950714756013,0.020180791830593597,,3404,2.6
Kisqali,2095,-0.019235880958686842,-0.056641375077855674,0.01816961316048199,0.01908478646251595,,3378,2.4
Remibrutinib,2096,-0.0024038603859522618,-0.04096984307169096,0.03616212229978643,0.019676883345787093,,3354,2.7
Fabhalta,2096,0.011640781731747998,-0.028387296631197538,0.051668860094693535,0.02042286423560939,,3404,2.5
Kisqali,2096,0.008457505496246074,-0.029549478033368895,0.04646448902586105,0.019391674453923244,,3378,2.5
Remibrutinib,2097,0.03197841903154454,-0.006058406678516488,0.07001524474160556,0.019406900335970798,,3354,2.4
Fabhalta,2097,-0.01248617041603831,-0.0527803715203104,0.027808030688233776,0.020558643639427873,,3404,2.5
Kisqali,2097,0.012748818891905763,-0.02474537652329951,0.050243014307111034,0.0191300430574004,,3378,2.4
Remibrutinib,2098,-0.013875188751117302,-0.052579660930231545,0.024829283427996937,0.019747542548949976,,3354,2.5
Fabhalta,2098,0.011425008169803094,-0.02785873865222866,0.05070875499183485,0.020043096267021717,,3404,2.6
Kisqali,2098,0.0283122595205509,-0.009499983241652368,0.06612450228275417,0.01929231509377796,,3378,2.4
Remibrutinib,2099,0.0005015657106825313,-0.038600579385939596,0.039603710807304654,0.019950440622916985,,3354,2.5
Fabhalta,2099,0.0015944559835221674,-0.039495256722486785,0.04268416868953112,0.02096452436377371,,3404,2.4
Kisqali,2099,-0.007392148222039586,-0.04609232623757421,0.031308029793495035,0.01974535160890542,,3378,2.6
Remibrutinib,2100,-0.004087418728195343,-0.04228467273847507,0.03410983528208439,0.019488753013613927,,3354,2.6
Fabhalta,2100,0.018403574843492327,-0.021206005164292944,0.0580131548512776,0.020209340743105788,,3404,2.6
Kisqali,2100,-0.004024304445522691,-0.04247355516359774,0.03442494627255237,0.019617325125031813,,3378,2.5
