brand,channel,planted_rd,n,ate,ci_lower,ci_upper,error,seconds,peak_rss_gib
Remibrutinib,call_frequency,0.05,3354,0.08643684156964139,0.03284904282268512,0.14002464031659767,,2.5,0.602
Remibrutinib,email_campaign_count,0.062,3354,0.09662691286838383,0.04324217453238099,0.15001165120438667,,3.0,0.602
Remibrutinib,engagement_score,0.138,3354,0.16425887925754287,0.12132788525502994,0.2071898732600558,,2.4,0.602
Remibrutinib,patient_support_enrollment,0.074,3354,0.08964857286216348,0.04816525486309769,0.13113189086122926,,2.4,0.602
Remibrutinib,peer_influence_score,0.093,3354,0.0934756801803783,0.04509973438498178,0.14185162597577483,,2.5,0.602
Remibrutinib,rep_training_score,0.0,3354,0.04719631183715232,0.008304687288879523,0.08608793638542511,,2.5,0.602
Remibrutinib,sample_volume,0.037,3354,0.07856741045072861,0.023716115057338415,0.1334187058441188,,2.4,0.602
Remibrutinib,speaker_program_count,0.113,3354,0.09841530477377977,0.04097639359232615,0.15585421595523338,,2.3,0.602
Fabhalta,call_frequency,0.05,3404,0.06127846435542996,-0.01727090545940791,0.13982783417026784,,2.7,0.603
Fabhalta,email_campaign_count,0.062,3404,0.09754854407177109,0.03834835042660826,0.15674873771693393,,2.7,0.605
Fabhalta,engagement_score,0.138,3404,0.15602923278297331,0.11537559297181219,0.19668287259413444,,2.5,0.605
Fabhalta,patient_support_enrollment,0.074,3404,0.06137721965368871,0.02044089280363614,0.10231354650374128,,2.4,0.605
Fabhalta,peer_influence_score,0.093,3404,0.07262802594521607,0.028300531059231714,0.11695552083120042,,2.9,0.61
Fabhalta,rep_training_score,0.0,3404,0.005835957231352302,-0.03484951653730561,0.04652143100001021,,2.6,0.612
Fabhalta,sample_volume,0.037,3404,-0.0037723062535696362,-0.07827041349577853,0.07072580098863925,,2.6,0.612
Fabhalta,speaker_program_count,0.113,3404,0.08956101233906084,0.03519770774016042,0.14392431693796126,,2.6,0.612
Kisqali,call_frequency,0.05,3378,0.03184559635529869,-0.02703165227197231,0.09072284498256969,,2.7,0.616
Kisqali,email_campaign_count,0.062,3378,0.04766905881016574,-0.007128096483120405,0.10246621410345189,,2.6,0.617
Kisqali,engagement_score,0.138,3378,0.1069207228667555,0.060719412459449486,0.15312203327406151,,2.5,0.617
Kisqali,patient_support_enrollment,0.074,3378,0.06263715048512376,0.021127129910833126,0.1041471710594144,,2.3,0.617
Kisqali,peer_influence_score,0.093,3378,0.1107208320037049,0.061928353709926075,0.15951331029748372,,2.3,0.622
Kisqali,rep_training_score,0.0,3378,-0.010927338828810943,-0.050024570558759376,0.028169892901137486,,2.3,0.624
Kisqali,sample_volume,0.037,3378,0.03344047655412148,-0.016704319976475347,0.0835852730847183,,2.5,0.624
Kisqali,speaker_program_count,0.113,3378,0.13727207106606898,0.018809157482065977,0.255734984650072,,2.3,0.624
