brand,seed,channel,planted,n,point_forest,ai_lo,ai_hi,ai_se,dr_ate,dr_se,ldml_ate,ldml_lo,ldml_hi,ldml_se,t_forest,t_ldml
Remibrutinib,427,engagement_score,0.138,3354,0.1485950103011851,-0.0015324671035299442,0.2987224877059001,0.07659705862184969,0.16425887925754287,0.02190397085923372,0.14841081968776287,0.11409184402577453,0.1827297953497512,0.017510003210616132,2.5,1.0
Remibrutinib,427,peer_influence_score,0.093,3354,0.10008937019386073,-0.061456596132607136,0.26163533652032855,0.08242292528151937,0.0934756801803783,0.024682058536268946,0.1061144474616448,0.0708419131211529,0.1413869818021367,0.017996521680355943,2.0,0.9
Remibrutinib,427,rep_training_score,0.0,3354,0.053911486409724284,-0.09176903952759732,0.19959201234704585,0.07432816415879148,0.04719631183715232,0.01984303020619,0.055628375716751506,0.022346326880741972,0.08891042455276103,0.016980949190155577,2.1,0.9
Remibrutinib,1001,engagement_score,0.138,3354,0.12537791634615866,-0.026386329951517573,0.27714216264383484,0.07743216013032699,0.13309043454829267,0.02232764700891055,0.12799145316060617,0.09310060571875109,0.16288230060246123,0.017801779888339593,2.0,0.8
Remibrutinib,1001,peer_influence_score,0.093,3354,0.10862723035924914,-0.042968005111462135,0.2602224658299604,0.07734592853272369,0.11941935483708524,0.02540027126779417,0.11775451532243997,0.08234651355714386,0.15316251708773607,0.018065638983465974,2.4,1.2
Remibrutinib,1001,rep_training_score,0.0,3354,-0.01790829678370924,-0.18438497731512454,0.14856838374770603,0.08493864200128945,-0.014211562406990367,0.019726312773503684,-0.016121880939976973,-0.049472850449136865,0.017229088569182916,0.017016113445057195,2.4,1.0
Remibrutinib,1002,engagement_score,0.138,3354,0.1498631218577664,-0.013368829673834404,0.31309507338936715,0.08328313761456882,0.15146344665102646,0.022005428084793357,0.15077830278527493,0.1162526807819324,0.18530392478861746,0.017615436954799283,2.3,1.1
Remibrutinib,1002,peer_influence_score,0.093,3354,0.1065967919199431,-0.05768728678329092,0.27088087062317706,0.08381994705169789,0.11636552161753944,0.027252696697933634,0.11443450075712668,0.07937150272755095,0.1494974987867024,0.01788961343481216,2.2,1.0
Remibrutinib,1002,rep_training_score,0.0,3354,0.012834318462067071,-0.14331088603581119,0.16897952295994528,0.0796673839406633,0.012257608376833264,0.019812272895118624,0.014573044142662361,-0.018384859254647508,0.047530947539972224,0.01681556582533026,2.5,1.1
Remibrutinib,1003,engagement_score,0.138,3354,0.1542160054901969,-0.0029679225286579625,0.3113999335090517,0.08019735465490939,0.15477237463627364,0.021363766818682885,0.1597334073070979,0.12561236129387515,0.19385445332032064,0.01740901684029155,2.8,1.6
Remibrutinib,1003,peer_influence_score,0.093,3354,0.044843822750525994,-0.11956807038765078,0.20925571588870273,0.0838851596958805,0.0603956002420549,0.025043070790496096,0.052433321142148784,0.017516656558857743,0.08734998572543981,0.01781495214131955,3.2,1.4
Remibrutinib,1003,rep_training_score,0.0,3354,0.006232983838242726,-0.14410770409017,0.15657367176665543,0.07670584149934015,0.011442302819029831,0.019168279983602425,0.009694917405409429,-0.023121124131003323,0.04251095894182218,0.01674318599487618,3.3,1.8
Remibrutinib,1004,engagement_score,0.138,3354,0.1370364057629834,-0.021886803033817542,0.2959596145597843,0.08108475910618815,0.14873829496394464,0.022344554042443242,0.1388164912010355,0.10389607532369036,0.17373690707838063,0.017816866102026836,2.9,1.2
Remibrutinib,1004,peer_influence_score,0.093,3354,0.08309572162561582,-0.06999059652554865,0.23618203977678026,0.07810669897567735,0.09511917625275537,0.02427468231966213,0.0912956152198406,0.05638103875955764,0.12621019168012354,0.017813886752861115,2.6,1.2
Remibrutinib,1004,rep_training_score,0.0,3354,0.03512325631249016,-0.1250571090127034,0.19530362163768367,0.0817261772793753,0.028472792837270996,0.020072869070030683,0.03180878535298156,-0.0015519516877958509,0.06516952239375896,0.017021096971129388,3.0,1.1
Remibrutinib,1005,engagement_score,0.138,3354,0.16475195183321364,-0.00154278228887339,0.3310466859553006,0.08484581049554328,0.16910764001777281,0.02143224379219164,0.16139651193265248,0.12632410626738377,0.19646891759792118,0.017894413337140567,3.1,1.2
Remibrutinib,1005,peer_influence_score,0.093,3354,0.09879957070171914,-0.07705788592059014,0.27465702732402836,0.08972484016150768,0.12376418706215904,0.028815195621922706,0.1118661609774096,0.07635215473457915,0.14738016722024005,0.018119723894398258,2.8,1.2
Remibrutinib,1005,rep_training_score,0.0,3354,0.00012561867622837744,-0.15730325043116664,0.15755448778362335,0.08032232689345059,-0.0003972439364192907,0.019969120620256832,0.006019650857119079,-0.027620170145695067,0.03965947185993322,0.01716348936417238,2.7,1.1
Remibrutinib,1006,engagement_score,0.138,3354,0.1479511701092822,-0.013847106706127627,0.309749446924692,0.08255165748728538,0.15826983924170548,0.021437175151854414,0.15297550224116654,0.1187278880442601,0.187223116438073,0.017473593630825488,2.5,1.1
Remibrutinib,1006,peer_influence_score,0.093,3354,0.0899090178947701,-0.07412590732234775,0.25394394311188795,0.08369282559124445,0.11600134799679905,0.025460737106119388,0.09574732417547895,0.060535469888779475,0.13095917846217842,0.017965561900344127,2.6,1.2
Remibrutinib,1006,rep_training_score,0.0,3354,-0.01934755671410977,-0.1676313978936905,0.12893628446547092,0.07565641061753212,-0.012715362750140095,0.019880190854819672,-0.017285449340591893,-0.05024792949358704,0.015677030812403254,0.01681790094766995,2.7,1.2
Remibrutinib,1007,engagement_score,0.138,3354,0.18276557535946597,0.02310983065892644,0.3424213200600055,0.08145850877900793,0.18110024692053742,0.02133610187396714,0.1829039718082597,0.14906521608313725,0.21674272753338217,0.01726498853654365,2.7,1.2
Remibrutinib,1007,peer_influence_score,0.093,3354,0.08675285464906038,-0.0752000003084026,0.24870570960652333,0.08263052533488521,0.11241839977455606,0.027121628096911238,0.09140944488023259,0.0568761579596347,0.12594273180083046,0.017619347698729183,2.6,1.2
Remibrutinib,1007,rep_training_score,0.0,3354,-0.005402176327542852,-0.1567130048830568,0.14590865222797106,0.07720082029849218,-0.008253686508150527,0.01920600533568834,-0.0038643040304380547,-0.036720720637285674,0.028992112576409552,0.016763785899136328,2.9,1.4
Remibrutinib,1008,engagement_score,0.138,3354,0.16155658186981567,0.002046313763957891,0.32106684997567336,0.08138428466331918,0.1637257592443997,0.02115931615347932,0.15608611480438556,0.12175384681435698,0.19041838279441411,0.017516785135256115,2.9,1.2
Remibrutinib,1008,peer_influence_score,0.093,3354,0.09990909829962215,-0.07034827998188019,0.27016647658112447,0.08686760485473322,0.11243309954850958,0.02966650733363258,0.10093310951768111,0.06560604775563243,0.13626017127972978,0.01802434230460561,2.8,1.3
Remibrutinib,1008,rep_training_score,0.0,3354,-0.0022659341978130054,-0.16254321018096402,0.15801134178533796,0.08177562240079461,-0.0035502164662714734,0.01964216732832345,4.1605985690719014e-05,-0.03313142091944526,0.033214632890826684,0.016925324733923976,2.9,1.5
Remibrutinib,1009,engagement_score,0.138,3354,0.14886306477122974,-0.007584622134016672,0.30531075167647614,0.07982171453416818,0.15051704918308811,0.021571649400469736,0.14701165915234088,0.11258332507252222,0.18143999323215954,0.01756579934702115,2.8,1.2
Remibrutinib,1009,peer_influence_score,0.093,3354,0.08477800872464387,-0.07730615276325549,0.2468621702125432,0.08269751969316749,0.0824531455603195,0.021447045050608068,0.0911268987923624,0.05682744354890183,0.12542635403582295,0.01750004363039846,3.0,1.2
Remibrutinib,1009,rep_training_score,0.0,3354,0.01027008165766686,-0.1420070215443172,0.1625471848596509,0.07769382662231758,0.006507534509025968,0.019504254511717556,0.01582296307798927,-0.017376580444853247,0.04902250660083178,0.016938853869109982,2.7,1.2
Remibrutinib,1010,engagement_score,0.138,3354,0.15365488042453027,-0.00656410839001953,0.31387386923908,0.0817458835032428,0.1581177386873971,0.02209930161949326,0.15975270626160756,0.12496090459900622,0.1945445079242089,0.017751245398912756,3.0,1.3
Remibrutinib,1010,peer_influence_score,0.093,3354,0.1353649609334907,-0.016874839708418216,0.2876047615753996,0.07767479435433962,0.13477578201827578,0.024068586898895565,0.14044602609026074,0.10530417296530026,0.17558787921522123,0.017929846365624544,2.9,1.3
Remibrutinib,1010,rep_training_score,0.0,3354,-0.0015647226309179914,-0.16004255674326157,0.15691311148142553,0.08085752295059682,-0.002225492316965725,0.019958888288024616,-0.003024213448206173,-0.03623355684440723,0.030185129947994882,0.016943853896373668,2.6,1.2
Remibrutinib,1011,engagement_score,0.138,3354,0.16935943350049384,0.011755968899265556,0.3269628981017221,0.08041140786322007,0.16719521163898007,0.0215389156498561,0.16718768206725831,0.13277580962442576,0.20159955451009087,0.017557400398307832,2.6,1.2
Remibrutinib,1011,peer_influence_score,0.093,3354,0.09385389692041164,-0.06247689325427509,0.25018468709509833,0.07976207224963658,0.10561366695468354,0.023155734063378362,0.100764030487994,0.06545739890660476,0.13607066206938323,0.01801391855150576,2.8,1.1
Remibrutinib,1011,rep_training_score,0.0,3354,0.007079646079876049,-0.14552983514526857,0.15968912730502063,0.07786341036118245,0.0032116664125605783,0.019605986314305063,0.012214620967313416,-0.02086715933401383,0.04529640126864065,0.01687876948876209,2.5,1.2
Remibrutinib,1012,engagement_score,0.138,3354,0.15762733846749413,0.0028270837520859293,0.3124275931829023,0.07898117246817196,0.1503716165021121,0.02212263352643194,0.15764746370727467,0.12348270987312551,0.19181221754142383,0.017431317158701064,2.6,1.2
Remibrutinib,1012,peer_influence_score,0.093,3354,0.08065239064478048,-0.08011066514961106,0.241415446439172,0.08202347379563682,0.08858288652012927,0.025146116545898278,0.08594638459996792,0.05078404808015906,0.12110872111977677,0.017940297269319682,2.8,1.3
Remibrutinib,1012,rep_training_score,0.0,3354,0.027530755376079446,-0.12358201483065363,0.1786435255828125,0.07709976826448499,0.023680769168466523,0.019556772355503405,0.03083434337869016,-0.0020990680782850997,0.06376775483566541,0.016803069707785348,2.9,1.2
Remibrutinib,1013,engagement_score,0.138,3354,0.15230425438387526,0.00011876201934377106,0.30448974674840673,0.07764708554061783,0.1685270489703292,0.02153839774689392,0.15783890807591996,0.123462350972537,0.19221546517930294,0.017539382036884793,2.8,1.3
Remibrutinib,1013,peer_influence_score,0.093,3354,0.11248757339453545,-0.05157472317246091,0.2765498699615318,0.08370679082217651,0.12164476291050642,0.026343174005636454,0.1113226946846934,0.07638268797310399,0.14626270139628278,0.017826861609290635,2.8,1.2
Remibrutinib,1013,rep_training_score,0.0,3354,-0.0024872023407571885,-0.15074943289183892,0.1457750282103245,0.07564538458414631,-0.0017876461835776391,0.019490102409194108,-0.004644004651365442,-0.03756816253866475,0.028280153235933858,0.016798348412012085,2.7,1.2
Remibrutinib,1014,engagement_score,0.138,3354,0.1367031556058648,-0.013190238318013497,0.28659654952974306,0.0764776260808251,0.15031076188291426,0.021783651637580902,0.1348164582150841,0.10046415552768698,0.16916876090248117,0.017527007107458956,2.6,1.2
Remibrutinib,1014,peer_influence_score,0.093,3354,0.11089332230361261,-0.04916164800441876,0.27094829261164394,0.0816621990546925,0.12763967043395283,0.027245705171253094,0.11591849972404483,0.08135146113899644,0.15048553830909323,0.017636568252125437,2.6,1.1
Remibrutinib,1014,rep_training_score,0.0,3354,-0.02672917358600898,-0.18368204763815202,0.130223700466134,0.08007946781274707,-0.03270356908148029,0.019177319553952483,-0.026616145684661054,-0.05901978677251378,0.005787495403191661,0.016532773736379087,2.7,1.1
Remibrutinib,1015,engagement_score,0.138,3354,0.16902764400942313,0.005098875962142924,0.33295641205670334,0.08363866277507148,0.16833838580759977,0.021148754248974583,0.16734728447240846,0.1331657617507989,0.20152880719401803,0.01743987287074102,2.6,1.1
Remibrutinib,1015,peer_influence_score,0.093,3354,0.08652013822993437,-0.07515586999603732,0.24819614645590604,0.08248927440808691,0.09649054871380763,0.024128658961438676,0.0887069931137891,0.05352901851956813,0.12388496770801007,0.01794827602532513,2.6,1.1
Remibrutinib,1015,rep_training_score,0.0,3354,-0.00048575283024066896,-0.15706843096504225,0.1560969253045609,0.07989058887551077,-0.005049956480585135,0.019411114698223625,-0.0020442458784448747,-0.035098316884520364,0.03100982512763061,0.016864631833442747,2.6,1.1
Remibrutinib,1016,engagement_score,0.138,3354,0.15214233042863742,-0.017009100250359982,0.32129376110763475,0.0863033355097325,0.16134153471967363,0.021570620369768503,0.15471823312611516,0.12061531442667009,0.1888211518255602,0.017399768040864284,2.5,1.1
Remibrutinib,1016,peer_influence_score,0.093,3354,0.07848293642418896,-0.08680087709712864,0.24376674994550654,0.08433002520521683,0.06821594294496959,0.022156236329167574,0.08449594418007883,0.04936945232203055,0.11962243603812711,0.01792200884053052,2.7,1.2
Remibrutinib,1016,rep_training_score,0.0,3354,0.007122856124270361,-0.15355653236634703,0.1678022446148877,0.08198078561168336,0.012571503936676318,0.019283311501442076,0.011683439700149475,-0.021042094148657625,0.04440897354895657,0.016697007754704642,2.9,1.2
Remibrutinib,1017,engagement_score,0.138,3354,0.15681243222856142,-0.004436591073099683,0.31806145553022247,0.0822714209555181,0.1596047789464684,0.021790639487136994,0.15563941548890595,0.12107927812402734,0.19019955285378454,0.01763304715672561,2.6,1.2
Remibrutinib,1017,peer_influence_score,0.093,3354,0.11005351733251362,-0.05249787297109887,0.2726049076361261,0.08293590612052695,0.12344056960927768,0.02455922276613846,0.11687322165941534,0.0823752395453908,0.15137120377343988,0.017601334711321335,2.7,1.3
Remibrutinib,1017,rep_training_score,0.0,3354,-0.015373459543984858,-0.17253968927517077,0.141792770187201,0.08018832475044739,-0.02022406486312631,0.019370280733168065,-0.014748934283022435,-0.047691303049361346,0.018193434483316465,0.016807639847560518,2.9,1.2
Remibrutinib,1018,engagement_score,0.138,3354,0.1408671892321933,-0.017994576720919253,0.29972895518530585,0.08105341014075389,0.14053175933634213,0.021556460478838545,0.13585655705732957,0.10122855343245732,0.17048456068220183,0.017667673435845518,3.0,1.2
Remibrutinib,1018,peer_influence_score,0.093,3354,0.08611874104520671,-0.07486981307029535,0.24710729516070873,0.0821385260726738,0.06696475410978653,0.026123314549437945,0.08884635605625511,0.053753593157045504,0.12393911895546472,0.017904799871842972,2.8,1.2
Remibrutinib,1018,rep_training_score,0.0,3354,0.01215829937956193,-0.13877350269176017,0.16309010145088396,0.07700743588725203,0.011236531473948383,0.019118339398243606,0.012820828671013734,-0.019444070412333928,0.045085727754361385,0.016461985698639905,2.8,1.2
Remibrutinib,1019,engagement_score,0.138,3354,0.15749707340539248,0.002001752209657065,0.3129923946011279,0.07933580473709485,0.16404657698777209,0.021309207957692637,0.15497253834005037,0.12024605391627394,0.1896990227638268,0.01771791966469512,2.6,1.2
Remibrutinib,1019,peer_influence_score,0.093,3354,0.09250534879956869,-0.06317523508582294,0.2481859326849603,0.07943032825367793,0.10045040731393201,0.023390405467585654,0.09424448505562927,0.05890379312284078,0.12958517698841776,0.01803129660113724,2.8,1.2
Remibrutinib,1019,rep_training_score,0.0,3354,-0.010611184890009564,-0.1692990720077081,0.14807670222768896,0.08096469481975105,-0.007673604037915444,0.019977847159069206,-0.007050149825286248,-0.040618722846417224,0.02651842319584472,0.017127137685138908,2.7,1.1
Remibrutinib,1020,engagement_score,0.138,3354,0.18034059298533553,0.017004507055110002,0.343676678915561,0.08333626838565682,0.18366699601854025,0.021041024550946426,0.18314442917673676,0.1492234215460258,0.21706543680744772,0.017306954565632606,2.8,1.1
Remibrutinib,1020,peer_influence_score,0.093,3354,0.06034937850743835,-0.09629099061033328,0.21698974762520995,0.07992002359113312,0.06283538240947842,0.021819720593040118,0.0667011094421557,0.03213931642563378,0.10126290245867761,0.017633891892474007,2.6,1.2
Remibrutinib,1020,rep_training_score,0.0,3354,0.01822219507713897,-0.1305833099829454,0.16702770013722326,0.07592257054725715,0.020446932427128764,0.019576535849399758,0.02194048494704265,-0.010888911055824901,0.05476988094991019,0.016749999623371467,2.8,1.1
Remibrutinib,1021,engagement_score,0.138,3354,0.13714363124486134,-0.023130847235638297,0.2974181097253609,0.08177419507730734,0.13917937540417263,0.021326437492806553,0.14381606425244178,0.1096584362419121,0.17797369226297144,0.01742768146759873,2.8,1.2
Remibrutinib,1021,peer_influence_score,0.093,3354,0.10574716740182599,-0.06096155839264503,0.2724558931962969,0.08505703461618223,0.09823841314150672,0.025407577829325716,0.10904266567595752,0.07376851561441286,0.14431681573750216,0.01799734604297969,2.8,1.2
Remibrutinib,1021,rep_training_score,0.0,3354,0.002789349958085085,-0.15626653788636136,0.1618452378025315,0.08115245374121484,0.0016063732531802384,0.01978022042451666,0.007707159308727034,-0.025569156146733538,0.0409834747641876,0.016978023942245825,2.7,1.2
Remibrutinib,1022,engagement_score,0.138,3354,0.17881973314507166,0.019253441630491086,0.3383860246596522,0.08141286856012689,0.18082326507752475,0.020721994640618465,0.17664207859499803,0.1426344228434866,0.21064973434650947,0.01735116360288224,2.6,1.2
Remibrutinib,1022,peer_influence_score,0.093,3354,0.10445739250644136,-0.05881387108666787,0.26772865609955054,0.08330319515721166,0.11173773830215838,0.022546569577649906,0.10983804685599975,0.07519831359965957,0.14447778011233992,0.01767365805166522,2.8,1.4
Remibrutinib,1022,rep_training_score,0.0,3354,0.00825749644840399,-0.14351757901875134,0.16003257191555928,0.07743768531827895,0.0058465977767802775,0.01949734660745065,0.009906745989371756,-0.022806353691996847,0.042619845670740356,0.016690663675151866,3.2,1.3
Remibrutinib,1023,engagement_score,0.138,3354,0.17865443146795462,0.0243515155625183,0.3329573473733909,0.07872742351667494,0.17810784990946574,0.02081342943802385,0.17779502062801983,0.14372864261401164,0.21186139864202802,0.01738112449142915,3.2,1.4
Remibrutinib,1023,peer_influence_score,0.093,3354,0.08208731413936302,-0.07569175263481523,0.23986638091354123,0.08050100245421765,0.06974492638548876,0.024939607808253758,0.08827836623153547,0.05290084984173413,0.12365588262133681,0.018050084934649144,3.0,1.1
Remibrutinib,1023,rep_training_score,0.0,3354,-0.0212069544995056,-0.16586613384219073,0.1234522248431795,0.0738070593861342,-0.020008737479423905,0.019891228273341516,-0.019844619656860345,-0.053457086375751785,0.013767847062031088,0.01714953284041048,2.6,1.0
Remibrutinib,1024,engagement_score,0.138,3354,0.168522610047933,0.008730111025910675,0.3283151090699553,0.08152828267357069,0.1813881373625079,0.02117687895714604,0.171555200708386,0.13725104124931642,0.2058593601674556,0.017502443784506463,2.6,1.1
Remibrutinib,1024,peer_influence_score,0.093,3354,0.07708312941503462,-0.08148431330929864,0.23565057213936785,0.08090324246992968,0.0878637036609061,0.024354948791286465,0.08702885568755488,0.05144704877597945,0.1226106625991303,0.01815431670798044,2.7,1.2
Remibrutinib,1024,rep_training_score,0.0,3354,0.013684963117060411,-0.14452077590141446,0.17189070213553526,0.08071869637323688,0.012308057817372748,0.019501184934560253,0.022007021464255684,-0.011080459385719887,0.05509450231423125,0.01688167798539432,2.4,1.2
Remibrutinib,1025,engagement_score,0.138,3354,0.17964370105741334,0.018008543687798584,0.3412788584270281,0.08246843175161113,0.18258666568704066,0.022595055686474075,0.181945002149396,0.14766895311189027,0.2162210511869017,0.01748810146914475,2.6,1.1
Remibrutinib,1025,peer_influence_score,0.093,3354,0.0872119509258184,-0.07510526624177738,0.24952916809341413,0.0828164278362234,0.07885199164372918,0.02435312023585194,0.09574031834180831,0.060509896937136105,0.1309707397464805,0.017975035093790125,2.6,1.0
Remibrutinib,1025,rep_training_score,0.0,3354,-0.006836799139254857,-0.17223622278482373,0.15856262450631398,0.08438901104590128,-0.011302945801212869,0.019860761723896298,-0.004497180447046974,-0.03803023115330651,0.02903587025921256,0.017109013722070385,2.4,1.0
Remibrutinib,1026,engagement_score,0.138,3354,0.1425983415223129,-0.021984647039493654,0.3071813300841194,0.08397245488274607,0.15921716525390683,0.0211064515542715,0.14503801963569365,0.11123631938940387,0.17883971988198344,0.017246082332590437,2.3,1.0
Remibrutinib,1026,peer_influence_score,0.093,3354,0.10227942791399762,-0.057407796630906935,0.26196665245890216,0.08147457021909818,0.11430196894735518,0.024749944489640432,0.10856838542548629,0.07380337939754315,0.1433333914534294,0.017737573905523295,2.6,1.1
Remibrutinib,1026,rep_training_score,0.0,3354,0.0013796847129499757,-0.14797033377162452,0.15072970319752443,0.07620038862171676,-0.0014628339240497109,0.01938136880053087,0.0015218667161302308,-0.03115365912057982,0.034197392552840274,0.016671492993978677,2.7,1.1
Remibrutinib,1027,engagement_score,0.138,3354,0.1274311805848607,-0.03503951223980517,0.2899018734095265,0.08289473318115324,0.1413253387646205,0.022360513737194554,0.13278576474990034,0.09813611146900367,0.167435418030797,0.017678719381686966,2.6,1.1
Remibrutinib,1027,peer_influence_score,0.093,3354,0.0800156856309981,-0.08093122604758442,0.24096259730958058,0.08211727954114591,0.09397028046459266,0.02355580422248395,0.09302487517501316,0.057850620121182784,0.12819913022884355,0.017946378265764274,2.7,1.5
Remibrutinib,1027,rep_training_score,0.0,3354,-0.010818139899265418,-0.16184491828984993,0.14020863849131907,0.07705589408304667,-0.01815475627696935,0.019286946617537704,-0.014751072846590928,-0.04717904753030437,0.017676901837122512,0.016545189064442595,3.1,1.3
Remibrutinib,1028,engagement_score,0.138,3354,0.14101177927723663,-0.015568663892885387,0.2975922224473586,0.07988944856646447,0.14651019003496682,0.020855245046519304,0.13859911494907257,0.10487126553849499,0.17232696435965014,0.017208402642404936,3.3,1.3
Remibrutinib,1028,peer_influence_score,0.093,3354,0.0801690838485557,-0.07559088225485483,0.2359290499519662,0.07947083012923223,0.0653407123114308,0.02552995764617295,0.08516947114489136,0.050066184910796376,0.12027275737898634,0.017910169018913215,3.3,1.3
Remibrutinib,1028,rep_training_score,0.0,3354,0.016164971983857957,-0.13583346916127176,0.16816341312898767,0.07755164949209767,0.014871169638096222,0.018958675635850335,0.017783057575960052,-0.014057650762552092,0.04962376591447219,0.01624555787232193,3.3,1.4
Remibrutinib,1029,engagement_score,0.138,3354,0.16699896350345725,0.0041283960755076066,0.32986953093140686,0.08309875458322175,0.17658388917538062,0.022379875190357702,0.1682097915031149,0.13350528275774923,0.2029143002484806,0.017706707377844907,3.4,1.2
Remibrutinib,1029,peer_influence_score,0.093,3354,0.08779614517745254,-0.07128540744053291,0.24687769779543797,0.0811655482539401,0.09536354325449217,0.024732265579557707,0.09311452229455333,0.05819661735635712,0.12803242723274955,0.01781558498708353,2.7,1.2
Remibrutinib,1029,rep_training_score,0.0,3354,-0.0296493900342539,-0.18520335536343455,0.1259045752949267,0.0793657257629123,-0.03263089598225935,0.018999993405668804,-0.026218010207773933,-0.0586088108456026,0.006172790430054729,0.016526222365983848,2.8,1.1
Fabhalta,427,engagement_score,0.138,3404,0.16090573064908104,0.008928553832195985,0.31288290746596603,0.07754080014576034,0.15602923278297331,0.020742034104622265,0.1590300917764655,0.12445804924911574,0.19360213430381523,0.01763912133082526,2.9,1.2
Fabhalta,427,peer_influence_score,0.093,3404,0.09057088352681598,-0.0747940101391963,0.25593577719282823,0.08437139338580313,0.07262802594521607,0.022616484402588004,0.08984054933364563,0.0549830628446002,0.12469803582269105,0.017784758681280283,2.8,1.2
Fabhalta,427,rep_training_score,0.0,3404,0.004309507258852644,-0.15579949509018856,0.16441850960789384,0.08168976692890338,0.005835957231352302,0.020758276218124285,0.004282701756273762,-0.029663503273720682,0.038228906786268196,0.017319810617826538,2.8,1.2
Fabhalta,1001,engagement_score,0.138,3404,0.15339446476130764,-0.011807718514423693,0.3185966480370389,0.08428837635575516,0.15649240364601033,0.020571610790313385,0.1548255277454304,0.12011603333641388,0.1895350221544469,0.01770925113053126,2.8,1.2
Fabhalta,1001,peer_influence_score,0.093,3404,0.07556444319254191,-0.08172627084001452,0.2328551572250983,0.08025183831568151,0.05072438261846133,0.02454997673121297,0.07460915457616873,0.03945794558871302,0.10976036356362445,0.017934619852570742,2.9,1.4
Fabhalta,1001,rep_training_score,0.0,3404,0.0004376284793953579,-0.1615691239180219,0.16244438087681257,0.08265802453382676,0.004995902029715003,0.020617529771227442,-0.00048814913160763435,-0.03432180685938581,0.03334550859617053,0.01726238746969523,2.9,1.2
Fabhalta,1002,engagement_score,0.138,3404,0.15479418741302378,-0.009255418912530844,0.31884379373857835,0.08370031609027237,0.162873473883096,0.02075767057863987,0.1620396723124822,0.12767174614842552,0.19640759847653885,0.01753497841549461,3.5,1.4
Fabhalta,1002,peer_influence_score,0.093,3404,0.09453115194908167,-0.07564242302201386,0.26470472692017716,0.08682484727836608,0.07776675478512861,0.023032168103439516,0.09942916101046977,0.06486198526255216,0.13399633675838735,0.017636638234467098,2.9,1.3
Fabhalta,1002,rep_training_score,0.0,3404,-0.00031625467825342757,-0.15927007497433826,0.15863756561783138,0.08110037750493622,0.01062850581546893,0.02030940297939202,-0.0027155628525448823,-0.03582628291217386,0.03039515720708409,0.016893534942887783,2.8,1.1
Fabhalta,1003,engagement_score,0.138,3404,0.14775396897774096,-0.0036303956684313465,0.29913833362391323,0.07723833940121975,0.14106568120462215,0.020537608630433093,0.14947890459701146,0.11494665396120207,0.18401115523282086,0.017618818972284882,2.9,1.2
Fabhalta,1003,peer_influence_score,0.093,3404,0.08138592935971568,-0.08415928042935224,0.24693113914878356,0.08446339309756092,0.10665938577742931,0.024438870721435774,0.08881208102470024,0.05368279889127611,0.12394136315812437,0.017923432476575806,2.8,1.2
Fabhalta,1003,rep_training_score,0.0,3404,-0.001197015293461985,-0.15328993841028285,0.15089590782335888,0.07759985546511103,0.001325936081585443,0.019776852049550035,0.003017876479386387,-0.029815902048484777,0.035851655007257545,0.01675223564660362,2.7,1.0
Fabhalta,1004,engagement_score,0.138,3404,0.14389375185852177,-0.014111971842937443,0.301899475559981,0.0806166458677094,0.14256868201103728,0.021531133561939624,0.15124365190990824,0.11556481882467912,0.18692248499513733,0.018203820767452458,2.7,1.1
Fabhalta,1004,peer_influence_score,0.093,3404,0.056130174342270085,-0.09879611769133853,0.21105646637587863,0.07904547840348526,0.05520699289962533,0.022780344903117013,0.0656449851423192,0.030587501831867134,0.10070246845277125,0.017886799750904108,2.5,1.0
Fabhalta,1004,rep_training_score,0.0,3404,4.7041341472766356e-05,-0.1659503628021729,0.1660444454851184,0.08469410874059201,0.0034340829026564155,0.020311428829515307,0.006880544909296239,-0.026789736403163726,0.040550826221756195,0.01717903062405577,2.2,1.2
Fabhalta,1005,engagement_score,0.138,3404,0.14588128636244824,-0.024933134425887543,0.316695707150784,0.08715181543555685,0.14941935902942516,0.020871052350377596,0.14851533901653272,0.11346561059063545,0.18356506744242995,0.017882843104447346,2.7,1.1
Fabhalta,1005,peer_influence_score,0.093,3404,0.10314335852358932,-0.07021503465303501,0.27650175170021357,0.0884497843718682,0.0948998582071013,0.023855742456496385,0.10640784302634367,0.07151096691505038,0.14130471913763695,0.01780485579661432,2.5,1.1
Fabhalta,1005,rep_training_score,0.0,3404,0.004147024923749156,-0.1537546969841662,0.16204874683166445,0.08056358275351758,0.007959422169142433,0.020619532425633916,0.004766665742635038,-0.02894680553061222,0.03848013701588229,0.017201066723253496,2.5,1.1
Fabhalta,1006,engagement_score,0.138,3404,0.12613073215646167,-0.023369371457707427,0.27563083577063074,0.07627696407391621,0.12066781474519953,0.020403402341475283,0.13128352647885005,0.09712673079109443,0.16544032216660567,0.017427256805318907,2.5,1.1
Fabhalta,1006,peer_influence_score,0.093,3404,0.1077789517733184,-0.05903405946416651,0.27459196301080324,0.08511024245214957,0.11715170440436933,0.023469448525404817,0.10491301521825007,0.06973089818745073,0.1400951322490494,0.017950389552211864,2.2,1.0
Fabhalta,1006,rep_training_score,0.0,3404,0.005260938659012692,-0.1599929815104794,0.17051485882850476,0.08431477321496317,0.0036465298339159683,0.019925901723806698,0.007311996472417358,-0.02590385422985759,0.040527847174692294,0.01694717401150089,2.2,1.0
Fabhalta,1007,engagement_score,0.138,3404,0.10551653688378304,-0.04627570646725235,0.2573087802348184,0.07744644460359239,0.09733237193085507,0.020426087844530177,0.10292984151006533,0.06867757291288071,0.13718211010724995,0.017475968368481334,3.1,1.4
Fabhalta,1007,peer_influence_score,0.093,3404,0.08374506253001025,-0.07817487086199508,0.24566499592201557,0.0826137283092982,0.07345370142336023,0.022470255667756723,0.0889400566676368,0.05476215511189138,0.1231179582233822,0.017438025303187374,3.1,1.2
Fabhalta,1007,rep_training_score,0.0,3404,0.006411860476152178,-0.14758238685922914,0.16040610781153344,0.07856993665974543,0.010009891843960658,0.020416025254246878,0.0005676343200905005,-0.033005737121641295,0.03414100576182229,0.01712958590390143,2.8,1.1
Fabhalta,1008,engagement_score,0.138,3404,0.13769985904414137,-0.008295553637067882,0.2836952717253506,0.0744888236116629,0.13459857943762346,0.02033832903168368,0.1389094258813294,0.10479423528369133,0.17302461647896747,0.017406029328464367,2.7,1.1
Fabhalta,1008,peer_influence_score,0.093,3404,0.08621109545787066,-0.06863160026902283,0.2410537911847641,0.07900282644318643,0.09908734061060065,0.022630694554026345,0.09589766835522147,0.0610877785833812,0.13070755812706172,0.017760474195656774,2.7,1.2
Fabhalta,1008,rep_training_score,0.0,3404,-0.040188929068106734,-0.19662209658555313,0.11624423844933965,0.07981430654718474,-0.03658923591799903,0.01943272173148839,-0.03512198857761524,-0.06799786484935569,-0.002246112305874799,0.016773714482031896,3.0,1.1
Fabhalta,1009,engagement_score,0.138,3404,0.11711953152848123,-0.05409241336474083,0.28833147642170326,0.08735463758172193,0.11436384814472207,0.020676210999653805,0.12287536520606017,0.0878571621228929,0.15789356828922743,0.017866758450352346,2.8,1.1
Fabhalta,1009,peer_influence_score,0.093,3404,0.10981410840965325,-0.04779509799388876,0.26742331481319526,0.08041433740800444,0.0913940017643682,0.023288198363549995,0.11135657849224276,0.07658098921219908,0.14613216777228644,0.01774297362316302,2.8,1.1
Fabhalta,1009,rep_training_score,0.0,3404,0.0060381682171934264,-0.14523769263712016,0.157314029071507,0.07718297930692276,0.012163496934274258,0.0203823454892051,0.009837997353401906,-0.023661967301883538,0.04333796200868734,0.017092132773626905,2.7,1.1
Fabhalta,1010,engagement_score,0.138,3404,0.13935015227204522,-0.02495639465271285,0.30365669919680327,0.0838314106405822,0.1346121523187171,0.02049672704857781,0.14349859996376946,0.10879250004581789,0.17820469988172102,0.017707519215510514,2.7,1.1
Fabhalta,1010,peer_influence_score,0.093,3404,0.10480451905915333,-0.0644249728514181,0.2740340109697247,0.08634316340023154,0.08641100140921398,0.02366689618113885,0.11253199104295705,0.07741719839101026,0.14764678369490383,0.017916039748142206,2.7,1.1
Fabhalta,1010,rep_training_score,0.0,3404,-0.00891660704136298,-0.16244420411905144,0.14461099003632544,0.07833184542047121,-0.009833292135411197,0.020474160936361157,-0.013126178501150792,-0.04656153414683004,0.020309177144528456,0.017059168387487254,2.7,1.1
Fabhalta,1011,engagement_score,0.138,3404,0.11499539802801793,-0.05371609861703615,0.283706894673072,0.08607887524722599,0.12032218175039211,0.02117478321738986,0.1175369948486476,0.0825014337468207,0.1525725559504745,0.017875614745058038,2.6,1.2
Fabhalta,1011,peer_influence_score,0.093,3404,0.08485727557822126,-0.07927341107970104,0.2489879622361435,0.08374168436661197,0.07620166157474344,0.023630313820151638,0.08878560500409749,0.05391553993730955,0.12365567007088543,0.017791176440913485,2.7,1.1
Fabhalta,1011,rep_training_score,0.0,3404,0.010506152632922438,-0.13879499864038625,0.15980730390623105,0.07617545591312322,0.018853035003650577,0.020441225206445753,0.014573394845013679,-0.018612760993440572,0.047759550683467926,0.01693202329237803,2.7,1.1
Kisqali,427,engagement_score,0.138,3378,0.11373425716065237,-0.05103528924576263,0.27850380356706733,0.08406763920480936,0.1069207228667555,0.023572530297360596,0.11517437813038744,0.08017614831320499,0.1501726079475699,0.017856567821268154,2.8,1.2
Kisqali,427,peer_influence_score,0.093,3378,0.12004643155352202,-0.026308890792377332,0.26640175389942133,0.07467245436441655,0.1107208320037049,0.02489457902219004,0.12156096668257138,0.08622704350729699,0.15689488985784578,0.018027843089966886,2.8,1.2
Kisqali,427,rep_training_score,0.0,3378,-0.0105160520560322,-0.16208165474368502,0.14104955063162056,0.07733080948816039,-0.010927338828810943,0.019947933757121263,-0.006939988150529668,-0.04011088320626628,0.026230906905206942,0.016924237035672286,2.7,1.2
Kisqali,1001,engagement_score,0.138,3378,0.11282258426324669,-0.0483593720983453,0.27400454062483864,0.08223720250044998,0.138992415580953,0.024853090420694186,0.11292110262390613,0.07824472450975564,0.14759748073805662,0.017692354751247127,2.7,1.0
Kisqali,1001,peer_influence_score,0.093,3378,0.09235601921574813,-0.06092974780123345,0.24564178623272967,0.07820846047018289,0.10412132920834,0.022626742082006192,0.09413690242205654,0.05977722449246259,0.12849658035165049,0.01753077005527586,2.7,1.1
Kisqali,1001,rep_training_score,0.0,3378,0.011342205348670231,-0.13117051464168047,0.1538549253390209,0.07271190694846982,0.007015880011544366,0.019333235375568338,0.015292811711739587,-0.017580762347906967,0.048166385771386135,0.016772539862440896,2.8,1.2
Kisqali,1002,engagement_score,0.138,3378,0.14321460074531514,-0.015095047819104368,0.30152424930973465,0.0807717124214626,0.15014096638786556,0.0254208781962961,0.14068824613367029,0.10629843389414671,0.17507805837319385,0.017546144985717094,2.7,1.1
Kisqali,1002,peer_influence_score,0.093,3378,0.10129042670839133,-0.05157620168601473,0.25415705510279735,0.07799461030631483,0.10651722872262397,0.02288216947459212,0.10398253155261326,0.0697406103877457,0.13822445271748082,0.017470688969268545,2.7,1.1
Kisqali,1002,rep_training_score,0.0,3378,0.004784721549110397,-0.1421268804610201,0.15169632355924084,0.07495627573268207,0.0011377921677203336,0.01941635856953311,0.0010101506548830254,-0.031379682240740905,0.03339998355050695,0.016525728610888156,2.2,1.1
Kisqali,1003,engagement_score,0.138,3378,0.13303944828839176,-0.019159293064057697,0.28523818964084113,0.07765384535249087,0.16994377383519288,0.02363112711552647,0.13752449155630012,0.10319827950492452,0.1718507036076757,0.017513695313861058,2.5,1.1
Kisqali,1003,peer_influence_score,0.093,3378,0.11687060416966771,-0.03267759641809781,0.2664188047574332,0.07630150379688887,0.11861738653284093,0.02384151900906017,0.11640155593172735,0.08229581000310666,0.15050730186034803,0.0174012105312355,2.5,0.9
Kisqali,1003,rep_training_score,0.0,3378,-0.011375770768766355,-0.1590628702180579,0.13631132868052515,0.07535194495883166,-0.015453852691434945,0.018962504662865812,-0.0022363110787385326,-0.034848242854271974,0.0303756206967949,0.016639046448185882,2.5,1.1
Kisqali,1004,engagement_score,0.138,3378,0.14123940285972478,-0.012345106380811183,0.2948239121002607,0.07836088277158966,0.1631562943430021,0.022329094957585494,0.14124811790103975,0.10749717633147549,0.174999059470604,0.01722018457266938,2.6,1.1
Kisqali,1004,peer_influence_score,0.093,3378,0.1543061912754241,-0.0017868588942445696,0.3103992414450928,0.07964077410078382,0.16432840380145378,0.025170484844142964,0.15622763022005137,0.1215622191762648,0.19089304126383794,0.017686759204364425,2.3,1.0
Kisqali,1004,rep_training_score,0.0,3378,0.01912572380291651,-0.13339939260161987,0.17165084020745286,0.07782036629475662,0.018474533567513447,0.01900600921493384,0.021135146212527763,-0.011584019977969828,0.05385431240302535,0.016693758889746033,2.7,1.5
Kisqali,1005,engagement_score,0.138,3378,0.13063882194214194,-0.020021897334285388,0.28129954121856926,0.07686912579844697,0.15216614904400425,0.026197694784029592,0.12901939900742204,0.09432026686471914,0.16371853115012494,0.01770396416281382,2.6,1.1
Kisqali,1005,peer_influence_score,0.093,3378,0.11241683965862377,-0.040079959793508826,0.2649136391107563,0.07780591860469507,0.1002801383710454,0.022945925202107757,0.1132910559864778,0.07851338357073892,0.1480687284022167,0.01774403646702731,2.6,1.1
Kisqali,1005,rep_training_score,0.0,3378,0.0141128991702511,-0.13244324550827113,0.1606690438487733,0.07477491662016356,0.010040609777105927,0.019195379027648195,0.01915840261594119,-0.013555909443091301,0.051872714674973674,0.016691282246550858,2.5,1.1
Kisqali,1006,engagement_score,0.138,3378,0.144123461782981,-0.012459418047593068,0.30070634161355503,0.07989069178340728,0.14296405050929376,0.023083009920013657,0.14039019127438165,0.10633143603524312,0.1744489465135202,0.01737723524911154,2.6,1.2
Kisqali,1006,peer_influence_score,0.093,3378,0.07734111280221108,-0.0580168121170246,0.21269903772144672,0.0690614342504432,0.0949927092717635,0.024501443358235016,0.08277161772609752,0.048201588503110154,0.11734164694908489,0.01763809411584669,2.7,1.1
Kisqali,1006,rep_training_score,0.0,3378,-0.0006688353440771701,-0.14368560420045695,0.1423479335123026,0.07296907946083692,-0.0006358668120140808,0.01932716880169103,0.0034564392301665125,-0.029349005689708916,0.03626188415004193,0.016737779458520965,2.5,1.1
Kisqali,1007,engagement_score,0.138,3378,0.11446940972362538,-0.047421192977276705,0.27636001242452746,0.08259876339611445,0.11955141972811417,0.024222268211824934,0.1157796045785441,0.08161505671109642,0.14994415244599177,0.01743121207171829,2.7,1.2
Kisqali,1007,peer_influence_score,0.093,3378,0.0927303421844102,-0.051730768613819755,0.23719145298264013,0.0737060021501568,0.09997841228611064,0.02284504205952673,0.09640092248891222,0.062081794821724476,0.13072005015609994,0.01751008076571439,2.5,1.1
Kisqali,1007,rep_training_score,0.0,3378,-0.01824133585184417,-0.1629229896955052,0.1264403179918168,0.0738185261788793,-0.01447438110460632,0.0193259003811578,-0.015188049106800307,-0.04777515867554157,0.01739906046194095,0.016626381824249945,2.4,0.9
Kisqali,1008,engagement_score,0.138,3378,0.12803884120511966,-0.026395626840934633,0.28247330925117387,0.07879454318857604,0.12299229971581907,0.02427820932354453,0.12263460708791145,0.08793466479827855,0.15733454937754432,0.017704377510679586,2.4,1.1
Kisqali,1008,peer_influence_score,0.093,3378,0.1252416176379223,-0.03480839836841548,0.28529163364426,0.0816596713033187,0.11807211116555784,0.023353522300924204,0.13426458219232337,0.0993099834193466,0.16921918096530014,0.017834306675374736,2.7,1.1
Kisqali,1008,rep_training_score,0.0,3378,-0.030944480455534586,-0.18357603792896704,0.12168707701789785,0.07787467396004846,-0.02699024828100095,0.01928884147503608,-0.02572143203495026,-0.05850774998219499,0.007064885912294455,0.016728020619694552,2.6,1.1
Kisqali,1009,engagement_score,0.138,3378,0.14290613574248512,-0.018403783784084055,0.30421605526905426,0.08230249102869702,0.13615333063296764,0.024832824725591566,0.1439507909955393,0.10932663343475799,0.17857494855632064,0.01766571112219013,2.4,1.0
Kisqali,1009,peer_influence_score,0.093,3378,0.07460265389975666,-0.08894147733055661,0.23814678513006993,0.08344241589657427,0.0919743015880635,0.023978211572506566,0.07518974233071536,0.04084781300647489,0.10953167165495582,0.017521714477982873,2.4,1.0
Kisqali,1009,rep_training_score,0.0,3378,0.0139239464762104,-0.12690290009882413,0.1547507930512449,0.07185175165208878,0.014516891846526622,0.01915206580335,0.01623639171382955,-0.01613522548278973,0.04860800891044882,0.016516434716128695,2.2,1.0
Kisqali,1010,engagement_score,0.138,3378,0.1371122004992548,-0.029539777632384356,0.3037641786308939,0.08502808119518476,0.11644921776012844,0.025670929294269,0.13787704334871953,0.10299283740427563,0.17276124929316342,0.01779839130698628,2.6,1.1
Kisqali,1010,peer_influence_score,0.093,3378,0.09840757163307494,-0.04506795396221487,0.2418830972283647,0.0732031433206374,0.10870205750866462,0.024516298172734034,0.09508400913704905,0.06030426971581084,0.12986374855828725,0.017745091081048606,2.6,1.2
Kisqali,1010,rep_training_score,0.0,3378,0.00025423577647899146,-0.1404950219390113,0.14100349349196925,0.07181216477215413,-0.0023522653747572496,0.01933898928027421,0.00616847516432312,-0.02615408962546201,0.03849103995410824,0.01649140751806737,2.8,1.2
Kisqali,1011,engagement_score,0.138,3378,0.1413078686451326,-0.007214815379008477,0.2898305526692736,0.07577827144995573,0.13460187484329986,0.0237387447386827,0.13651872234265006,0.10158904732785475,0.17144839735744535,0.017821590238553425,2.7,1.2
Kisqali,1011,peer_influence_score,0.093,3378,0.10390708649922895,-0.056122238582806405,0.26393641158126424,0.08164911451538667,0.11351494082465251,0.025375422351234796,0.10786023981965635,0.07254669495506112,0.14317378468425157,0.01801744580162899,2.9,1.1
Kisqali,1011,rep_training_score,0.0,3378,-0.0012683507052108226,-0.1440686414915279,0.1415319400811062,0.07285862943723306,0.0035406086044647562,0.019511344950559284,0.0003554609386773134,-0.03307239879311204,0.03378332067046665,0.017055343871348674,2.7,1.2
