brand,channel,term,adj_diff,z
Remibrutinib,call_frequency,bern_resid,0.014452990808882273,0.9438425917586579
Remibrutinib,call_frequency,p_true,0.09595622045341756,9.190730381693525
Remibrutinib,call_frequency,adopted,0.11040921126229976,5.8887488133387365
Remibrutinib,email_campaign_count,bern_resid,0.013498843999305187,0.9128893838423977
Remibrutinib,email_campaign_count,p_true,0.0953583093509804,9.46550343655256
Remibrutinib,email_campaign_count,adopted,0.10885715335028431,6.01386910472814
Remibrutinib,engagement_score,bern_resid,-0.0031352886900432803,-0.2218342647707823
Remibrutinib,engagement_score,p_true,0.14095046762563815,14.920946086816754
Remibrutinib,engagement_score,adopted,0.13781517893559395,7.999387875310718
Remibrutinib,patient_support_enrollment,bern_resid,0.004262755199415397,0.3070319987508878
Remibrutinib,patient_support_enrollment,p_true,0.07161667137778928,7.535842877096845
Remibrutinib,patient_support_enrollment,adopted,0.07587942657720456,4.454389778997086
Remibrutinib,peer_influence_score,bern_resid,-0.008934971972947953,-0.6259875048434801
Remibrutinib,peer_influence_score,p_true,0.09265041810459557,9.52992799176109
Remibrutinib,peer_influence_score,adopted,0.08371544613164729,4.782172467555419
Remibrutinib,rep_training_score,bern_resid,0.04445519118518948,3.284064717859596
Remibrutinib,rep_training_score,p_true,0.0021069612937141546,0.22512232284992328
Remibrutinib,rep_training_score,adopted,0.046562152478903066,2.793959027780872
Remibrutinib,sample_volume,bern_resid,-0.012038080658608293,-0.7869711405645254
Remibrutinib,sample_volume,p_true,0.0819833221296203,7.834488358905721
Remibrutinib,sample_volume,adopted,0.0699452414710113,3.723142931143953
Remibrutinib,speaker_program_count,bern_resid,-0.008184978111301191,-0.5418713947317719
Remibrutinib,speaker_program_count,p_true,0.1262084996998385,12.378199565519044
Remibrutinib,speaker_program_count,adopted,0.1180235215885366,6.387867395594161
Fabhalta,call_frequency,bern_resid,0.029213605282016997,1.915829414848853
Fabhalta,call_frequency,p_true,0.06743523368308646,6.134863559941524
Fabhalta,call_frequency,adopted,0.0966488389651035,5.09557153378779
Fabhalta,email_campaign_count,bern_resid,0.02860019893690635,1.9085243586194092
Fabhalta,email_campaign_count,p_true,0.084672796410807,7.865941821780678
Fabhalta,email_campaign_count,adopted,0.11327299534771354,6.086741122137382
Fabhalta,engagement_score,bern_resid,0.013094544390681775,0.9338874165645357
Fabhalta,engagement_score,p_true,0.13573537550785553,13.72686466124669
Fabhalta,engagement_score,adopted,0.14882991989853764,8.596548158602559
Fabhalta,patient_support_enrollment,bern_resid,0.003768074553296977,0.27506291205990024
Fabhalta,patient_support_enrollment,p_true,0.05870687286652484,5.9461175177766865
Fabhalta,patient_support_enrollment,adopted,0.062474947419820785,3.661621443894221
Fabhalta,peer_influence_score,bern_resid,0.010007407415548073,0.7071619436988865
Fabhalta,peer_influence_score,p_true,0.08328520967726961,8.203236115122914
Fabhalta,peer_influence_score,adopted,0.0932926170928181,5.304078053863164
Fabhalta,rep_training_score,bern_resid,-0.010194596510982146,-0.7572276135223898
Fabhalta,rep_training_score,p_true,-0.0038174610224119654,-0.3913703381126635
Fabhalta,rep_training_score,adopted,-0.014012057533393612,-0.8340053810619288
Fabhalta,sample_volume,bern_resid,0.0022003639076984397,0.14554282594865983
Fabhalta,sample_volume,p_true,0.05385983226281266,4.935126138180766
Fabhalta,sample_volume,adopted,0.056060196170510675,2.9752162305283405
Fabhalta,speaker_program_count,bern_resid,-0.012351070095761831,-0.83090063274973
Fabhalta,speaker_program_count,p_true,0.11450055755703599,10.813222345533012
Fabhalta,speaker_program_count,adopted,0.10214948746127546,5.530824199757455
Kisqali,call_frequency,bern_resid,-0.018664788982860128,-1.2121930499739015
Kisqali,call_frequency,p_true,0.07875244953238338,7.923669920775438
Kisqali,call_frequency,adopted,0.060087660549522796,3.228793800580624
Kisqali,email_campaign_count,bern_resid,-0.009535433906634357,-0.6288770083447615
Kisqali,email_campaign_count,p_true,0.0858314654073463,8.789615187541068
Kisqali,email_campaign_count,adopted,0.07629603150071214,4.168209357779267
Kisqali,engagement_score,bern_resid,-0.017742846957669325,-1.2369310665834687
Kisqali,engagement_score,p_true,0.13095449008020926,14.441010870584385
Kisqali,engagement_score,adopted,0.11321164312253977,6.561532404581223
Kisqali,patient_support_enrollment,bern_resid,-0.009391100755600656,-0.6802701230245045
Kisqali,patient_support_enrollment,p_true,0.07112901198063082,7.984571563587151
Kisqali,patient_support_enrollment,adopted,0.06173791122503005,3.7025361175510403
Kisqali,peer_influence_score,bern_resid,0.00891159421598744,0.6220987622566901
Kisqali,peer_influence_score,p_true,0.1173231449900855,12.879772017770147
Kisqali,peer_influence_score,adopted,0.1262347392060725,7.338989528664844
Kisqali,rep_training_score,bern_resid,-0.01678216590515088,-1.2263856024068407
Kisqali,rep_training_score,p_true,-0.005650205331571937,-0.6338188538910717
Kisqali,rep_training_score,adopted,-0.022432371236724053,-1.3545804405203647
Kisqali,sample_volume,bern_resid,0.015484285396396416,1.0083099843299352
Kisqali,sample_volume,p_true,0.05191602944533825,5.210473853866089
Kisqali,sample_volume,adopted,0.0674003148417341,3.6331121922350804
Kisqali,speaker_program_count,bern_resid,0.0023229955769338015,0.15559398268706065
Kisqali,speaker_program_count,p_true,0.11955873810979754,12.580577681560555
Kisqali,speaker_program_count,adopted,0.12188173368673132,6.791533744937102
