brand,term,raw_diff,adj_diff,adj_se,adj_z,n,match_derived,match_arm_live
Remibrutinib,adopted,0.10852713178294576,0.046562152478903066,0.01666529538047145,2.793959027780872,3354,1.0,1.0
Remibrutinib,p_true,0.0672230805845127,0.0021069612937141546,0.009359184229450005,0.22512232284992328,3354,1.0,1.0
Remibrutinib,bern_resid,0.04130405119843307,0.04445519118518948,0.01353663676097204,3.284064717859596,3354,1.0,1.0
Remibrutinib,logit,0.41036376692574844,-0.0097663355527919,0.058313380867670406,-0.16748018049158364,3354,1.0,1.0
Remibrutinib,cz_term,-0.019470106304706317,-0.015693217559304223,0.03366916259367057,-0.46610061998555247,3354,1.0,1.0
Remibrutinib,affinity,0.029278473464519984,-2.222508599974423e-17,3.831145325140976e-17,-0.5801159735157373,3354,1.0,1.0
Remibrutinib,channel_shift,0.39454740608228983,0.004554825182932399,0.026356472845515358,0.1728161886315307,3354,1.0,1.0
Remibrutinib,arm_term,-0.015026833631484715,-0.019422706427914986,0.018857175105028327,-1.0299902461390338,3354,1.0,1.0
Remibrutinib,logit_noise,0.02103482731512983,0.020794763251495478,0.021452970826552304,0.9693185815438595,3354,1.0,1.0
Remibrutinib,treatment_arm,-0.010137149672033385,-0.01921506864748902,0.017938872163371845,-1.0711414002226378,3354,1.0,1.0
Remibrutinib,n_metric_rows,0.14370900417412047,-0.025386271240520602,0.01686177330510499,-1.5055516867158198,3354,1.0,1.0
Fabhalta,adopted,0.03819036427732081,-0.014012057533393612,0.01680091981607149,-0.8340053810619288,3404,1.0,1.0
Fabhalta,p_true,0.051062472772306966,-0.0038174610224119654,0.00975408877642903,-0.3913703381126635,3404,1.0,1.0
Fabhalta,bern_resid,-0.012872108494986195,-0.010194596510982146,0.01346305434314528,-0.7572276135223898,3404,1.0,1.0
Fabhalta,logit,0.3234609656007962,-0.03247036040580677,0.060782234146917524,-0.5342080767765501,3404,1.0,1.0
Fabhalta,cz_term,-0.00778280278699601,-0.011468091470801,0.03423666609449751,-0.33496519313964807,3404,1.0,1.0
Fabhalta,affinity,-0.016745005875440658,1.9554486454053371e-16,4.902246724397041e-17,3.9888825580190486,3404,1.0,1.0
Fabhalta,channel_shift,0.33962808460634547,-0.016944149928658284,0.025786012022126794,-0.6571062603289965,3404,1.0,1.0
Fabhalta,arm_term,0.006768507638072907,-0.0015890850512225634,0.022656878499070835,-0.07013698075344899,3404,1.0,1.0
Fabhalta,logit_noise,0.0015921820188145343,-0.002469033955127698,0.021559697616937077,-0.11452080632095928,3404,1.0,1.0
Fabhalta,treatment_arm,0.002350176263219761,0.0002737723505850319,0.0177739544419194,0.015403007331860102,3404,1.0,1.0
Fabhalta,n_metric_rows,0.1398354876615746,-0.021901646452086403,0.015964057309683387,-1.3719348425792375,3404,1.0,1.0
Kisqali,adopted,0.03611604499703963,-0.022432371236724053,0.016560383249079408,-1.3545804405203647,3378,1.0,1.0
Kisqali,p_true,0.0569442004123501,-0.005650205331571937,0.008914542849088207,-0.6338188538910717,3378,1.0,1.0
Kisqali,bern_resid,-0.02082815541531042,-0.01678216590515088,0.013684248960698064,-1.2263856024068407,3378,1.0,1.0
Kisqali,logit,0.35981743585133596,-0.04347572741881816,0.056166300158859574,-0.7740536103651537,3378,1.0,1.0
Kisqali,cz_term,-0.02098721310761362,-0.01964467798789087,0.034161737882448764,-0.575049139932184,3378,1.0,1.0
Kisqali,affinity,0.008525754884547068,2.4652146125726916e-15,7.501965330368901e-17,32.86091715984333,3378,1.0,1.0
Kisqali,channel_shift,0.38588928359976316,-0.0023850035407554392,0.02622349813761763,-0.09094909947708882,3378,1.0,1.0
Kisqali,arm_term,-0.006394316163410352,-0.008198200855001643,0.015016958602809072,-0.5459295102184065,3378,1.0,1.0
Kisqali,logit_noise,-0.007216073361950209,-0.013247845035175268,0.02157428353006296,-0.6140572416560156,3378,1.0,1.0
Kisqali,treatment_arm,-0.004736530491415036,-0.011072120686508716,0.01792774781755773,-0.6175968559567263,3378,1.0,1.0
Kisqali,n_metric_rows,0.14446417998815875,-0.020560795461174126,0.016400629064938995,-1.253658952943986,3378,1.0,1.0
