brand,var,r,partial_r_given_XW,n
Remibrutinib,tb_call_frequency,0.12444987794275401,0.01949584384329226,3354
Remibrutinib,tb_email_campaign_count,0.07050740908542955,-0.033965076195386,3354
Remibrutinib,tb_engagement_score,0.10793082886106141,0.004283314077372277,3354
Remibrutinib,tb_patient_support_enrollment,0.12224209898628502,0.039045561529768694,3354
Remibrutinib,tb_peer_influence_score,0.10077519379844961,-0.010670965890896117,3354
Remibrutinib,tb_sample_volume,0.09543984670559588,-0.016089032633632597,3354
Remibrutinib,tb_speaker_program_count,0.10567986205699288,-0.0016947453006389936,3354
Remibrutinib,treatment_arm,-0.010137611084531673,-0.01853100576578823,3354
Remibrutinib,centrality_z,-0.010383823638739013,-0.008064776260689787,3354
Remibrutinib,affinity,0.02379879112050325,,3354
Remibrutinib,channel_shift,0.18551477184733242,0.0029902620399857526,3354
Remibrutinib,logit_noise,0.017618984912876418,0.016769967749199328,3354
Remibrutinib,bern_resid,0.05467161416480014,0.056733348933191693,3354
Remibrutinib,n_metric_rows,0.10947543753653874,-0.026042047079354296,3354
Remibrutinib,market_share,0.19155136262810374,,3354
Remibrutinib,log_triggers,0.06293675213553282,,3354
Remibrutinib,region=midwest,-0.13400184872400828,,3354
Remibrutinib,region=northeast,0.15797451032002927,,3354
Remibrutinib,region=south,-0.04639351091928071,,3354
Remibrutinib,region=west,0.033728234393615136,,3354
Remibrutinib,specialty=allergy_immunology,0.02156140827078473,,3354
Remibrutinib,specialty=dermatology,0.015767497489385957,,3354
Remibrutinib,specialty=hematology,-1.0538651462774779e-17,,3354
Remibrutinib,specialty=internal_medicine,-0.011980224989007469,,3354
Remibrutinib,specialty=neurology,-0.013511508895788468,,3354
Remibrutinib,specialty=oncology,-0.007635256415160992,,3354
Remibrutinib,specialty=rheumatology,-0.014591310688228264,,3354
Fabhalta,tb_call_frequency,0.0936817712157789,-0.00966041618748655,3404
Fabhalta,tb_email_campaign_count,0.08609879553716875,-0.009562887152089467,3404
Fabhalta,tb_engagement_score,0.08930669800235017,-0.007341029925435982,3404
Fabhalta,tb_patient_support_enrollment,0.08813160987074027,0.010073154760211207,3404
Fabhalta,tb_peer_influence_score,0.10928319623971795,0.007747764143128154,3404
Fabhalta,tb_sample_volume,0.0670697319507626,-0.03871078608448359,3404
Fabhalta,tb_speaker_program_count,0.0851937308513928,-0.007359603769123159,3404
Fabhalta,treatment_arm,0.002350280116466867,0.0002645487159030148,3404
Fabhalta,centrality_z,-0.004039179719977972,-0.005752977095260349,3404
Fabhalta,affinity,-0.014637769494354962,,3404
Fabhalta,channel_shift,0.16280011642268244,-0.011285169829545758,3404
Fabhalta,logit_noise,0.00131211065550294,-0.0019669064657116737,3404
Fabhalta,bern_resid,-0.01699907419525583,-0.013004386481949208,3404
Fabhalta,n_metric_rows,0.10856344795584602,-0.023556626991539455,3404
Fabhalta,market_share,0.1769556759211883,,3404
Fabhalta,log_triggers,0.07171892055380259,,3404
Fabhalta,region=midwest,-0.13014702513496335,,3404
Fabhalta,region=northeast,0.1441516273786087,,3404
Fabhalta,region=south,-0.051827543691260386,,3404
Fabhalta,region=west,0.04854742090669519,,3404
Fabhalta,specialty=allergy_immunology,0.02213641633094958,,3404
Fabhalta,specialty=dermatology,-0.018008478644702838,,3404
Fabhalta,specialty=hematology,-0.015098761534134671,,3404
Fabhalta,specialty=internal_medicine,-0.009149994607858912,,3404
Fabhalta,specialty=neurology,0.019762519953979412,,3404
Fabhalta,specialty=oncology,0.004385700629721394,,3404
Fabhalta,specialty=rheumatology,0.013127022537720315,,3404
Kisqali,tb_call_frequency,0.08853781594966754,-0.025541890496571636,3378
Kisqali,tb_email_campaign_count,0.11408636665768912,0.009384603567226263,3378
Kisqali,tb_engagement_score,0.07756068679692128,-0.03610939241950891,3378
Kisqali,tb_patient_support_enrollment,0.10834813499111903,0.02825009112927701,3378
Kisqali,tb_peer_influence_score,0.1343990526939017,0.029905509225571544,3378
Kisqali,tb_sample_volume,0.07055613060594723,-0.04341856116869725,3378
Kisqali,tb_speaker_program_count,0.11313416543615287,0.016059299804827537,3378
Kisqali,treatment_arm,-0.004736531321592927,-0.010647618033450039,3378
Kisqali,centrality_z,-0.011015733356823978,-0.009914153074547391,3378
Kisqali,affinity,0.006052067327224813,,3378
Kisqali,channel_shift,0.18356757379405722,-0.0015680859941377837,3378
Kisqali,logit_noise,-0.005995533492464776,-0.010586600519278665,3378
Kisqali,bern_resid,-0.027279168353667234,-0.021139854137038873,3378
Kisqali,n_metric_rows,0.11363000315159369,-0.021609762082668224,3378
Kisqali,market_share,0.18582292188616456,,3378
Kisqali,log_triggers,0.07395179555724647,,3378
Kisqali,region=midwest,-0.13338519573044355,,3378
Kisqali,region=northeast,0.16382663988209678,,3378
Kisqali,region=south,-0.07719107453873517,,3378
Kisqali,region=west,0.059702880104875074,,3378
Kisqali,specialty=allergy_immunology,-0.0027947150362520844,,3378
Kisqali,specialty=dermatology,0.005447009009107728,,3378
Kisqali,specialty=hematology,-0.010279899245732707,,3378
Kisqali,specialty=internal_medicine,-0.013123301806475113,,3378
Kisqali,specialty=neurology,-0.013584085513934904,,3378
Kisqali,specialty=oncology,0.010102830263921246,,3378
Kisqali,specialty=rheumatology,0.019718807779572054,,3378
