brand,k,ate,lo,hi,se,excl0,sec
Remibrutinib,0,-0.004387860142560525,-0.04251685697005777,0.033741136684936716,0.019453927280426535,False,2.5
Remibrutinib,1,0.04877729916868492,0.011412327277519972,0.08614227105984987,0.0190641114764838,True,2.5
Remibrutinib,2,0.020964323883325538,-0.016500040247467755,0.05842868801411883,0.01911482273465606,False,2.3
Remibrutinib,3,0.023105280630640018,-0.014558672628784047,0.060769233890064084,0.019216655793939344,False,2.2
Remibrutinib,4,0.0013249939595768303,-0.037836884179446965,0.04048687209860063,0.01998091722497337,False,2.2
Remibrutinib,5,0.006567984016985347,-0.03219494995199594,0.04533091798596664,0.019777370540856046,False,2.9
Remibrutinib,6,-0.017078215244450815,-0.05555728874653932,0.02140085825763769,0.01963254111075843,False,2.6
Remibrutinib,7,0.0036285121034727516,-0.036712855533056976,0.04396987974000248,0.020582708638902193,False,2.3
Remibrutinib,8,-0.01446442380989573,-0.05324493356063755,0.02431608594084609,0.01978633794122624,False,2.5
Remibrutinib,9,-0.013741851359866403,-0.05123296729166442,0.023749264571931616,0.01912847186352564,False,2.5
Remibrutinib,10,0.015792931220376755,-0.02124094783202026,0.05282681027277377,0.018895183454653013,False,2.5
Remibrutinib,11,-0.008697674918258933,-0.047529052604785724,0.03013370276826786,0.019812291446589712,False,2.3
Remibrutinib,12,0.0006152235701595637,-0.03812797509853869,0.03935842223885782,0.019767301325075193,False,2.4
Remibrutinib,13,-0.005975740637428764,-0.043921153353189184,0.03196967207833166,0.01936026019614085,False,2.4
Remibrutinib,14,-0.02087929262999851,-0.05890020179772919,0.017141616537732166,0.01939877950188614,False,2.4
Remibrutinib,15,0.013364876461480367,-0.024646599753214177,0.05137635267617491,0.019393966682308566,False,2.4
Remibrutinib,16,0.0029211944278105017,-0.03480449032345656,0.04064687917907757,0.019248152031793676,False,2.5
Remibrutinib,17,-0.03920856290191595,-0.07619759109988986,-0.0022195347039420388,0.018872299945171776,True,2.6
Remibrutinib,18,0.010237330307881544,-0.029838007283710367,0.05031266789947345,0.020446976530028648,False,2.8
Remibrutinib,19,-0.015247018435575662,-0.053661350069578874,0.023167313198427554,0.019599508938434877,False,3.7
Remibrutinib,20,0.031156603960879697,-0.00880823612934863,0.07112144405110803,0.0203905992178764,False,3.2
Remibrutinib,21,-0.004234120249423031,-0.042788281891006856,0.03432004139216079,0.01967085208998438,False,3.1
Remibrutinib,22,-0.03937044632354094,-0.07503796904318769,-0.0037029236038942023,0.0181980500667296,True,2.8
Remibrutinib,23,-0.00937456551113741,-0.049882529512369427,0.031133398490094603,0.020667708346048027,False,2.7
Remibrutinib,24,-0.012226753692886916,-0.04967922836895344,0.025225720983179614,0.019108756574858967,False,2.6
Remibrutinib,25,-0.007168186235570438,-0.0456929216567614,0.03135654918562052,0.01965583843635351,False,2.6
Remibrutinib,26,0.00742055108443385,-0.029966075673657524,0.04480717784252522,0.019075160080997574,False,2.6
Remibrutinib,27,-0.005160899360519373,-0.04603070574730807,0.03570890702626932,0.020852325200444766,False,2.6
Remibrutinib,28,-0.005622781141229078,-0.043187133467666436,0.03194157118520828,0.019165838057607278,False,2.6
Remibrutinib,29,-0.010878071309590247,-0.05001836512259451,0.028262222503414022,0.019969904611379558,False,2.5
Remibrutinib,30,0.025128197241322574,-0.014740350157419976,0.06499674464006512,0.02034146939087686,False,2.4
Remibrutinib,31,0.013595938402285804,-0.02326203646511015,0.05045391326968176,0.018805434772336108,False,2.7
Remibrutinib,32,0.02553322859533513,-0.011660292516912269,0.06272674970758253,0.01897663498187985,False,2.4
Remibrutinib,33,0.010801336263320308,-0.02609078341493307,0.04769345594157369,0.018822855914319713,False,2.5
Remibrutinib,34,-0.044097196875950435,-0.0821560060923529,-0.006038387659547957,0.01941811661673659,True,2.6
Remibrutinib,35,-0.0029853133927458604,-0.04158368179637427,0.03561305501088255,0.019693406974866594,False,2.6
Remibrutinib,36,-0.014887743030659687,-0.0526915604535121,0.02291607439219273,0.019288016372261997,False,2.5
Remibrutinib,37,0.004580613358673774,-0.035234471309899526,0.04439569802724708,0.020314191986500578,False,2.4
Remibrutinib,38,0.010672712625839508,-0.02901524493160433,0.05036067018328334,0.02024933002366237,False,2.5
Remibrutinib,39,0.015206133038672813,-0.0244715141616157,0.05488378023896132,0.020244069540696023,False,2.5
Remibrutinib,40,-0.013147757178088918,-0.050796154648817746,0.024500640292639913,0.01920871902121396,False,2.4
Remibrutinib,41,-0.029404370875393507,-0.06699941556037325,0.00819067380958624,0.01918149771196036,False,2.6
Remibrutinib,42,-0.006730244820802882,-0.04454534457644841,0.03108485493484265,0.019293772770278547,False,2.4
Remibrutinib,43,-0.030497200752124955,-0.06861910983632243,0.007624708332072516,0.019450311018415767,False,2.6
Remibrutinib,44,-0.018709550141202055,-0.056571351737604234,0.019152251455200123,0.01931760067789574,False,2.4
Remibrutinib,45,-0.017502309263775086,-0.05687522048222727,0.021870601954677098,0.020088589141953984,False,2.3
Remibrutinib,46,-0.00625742807699082,-0.045464459790829456,0.03294960363684782,0.020003955186472154,False,2.3
Remibrutinib,47,-0.011570807369673225,-0.05025489568746006,0.027113280948113612,0.019737142428596647,False,2.3
Remibrutinib,48,-3.0192106242929525e-05,-0.03773154729353642,0.03767116308105056,0.01923573876085325,False,2.2
Remibrutinib,49,0.01824128962406555,-0.019098705821253503,0.0555812850693846,0.019051368157707072,False,2.3
Remibrutinib,50,0.01730024990792386,-0.020269064804535417,0.05486956462038314,0.019168369933734115,False,2.3
Remibrutinib,51,0.00876991367438279,-0.028593091212718885,0.046132918561484465,0.01906310788454089,False,2.3
Remibrutinib,52,0.012231726080470597,-0.0254364570482648,0.04989990920920599,0.01921881393018302,False,2.2
Remibrutinib,53,-0.05614878607405157,-0.09589456951918773,-0.0164030026289154,0.020278833569721613,True,2.5
Remibrutinib,54,-0.02605287433929271,-0.06542165795881952,0.0133159092802341,0.02008648318543747,False,2.4
Remibrutinib,55,-0.014537159481709652,-0.05355113348667526,0.02447681452325596,0.019905454545442097,False,2.3
Remibrutinib,56,0.007735917565408917,-0.030504352531301904,0.045976187662119736,0.019510700399775302,False,2.4
Remibrutinib,57,-0.00717300156499251,-0.04560764820240123,0.03126164507241621,0.019609873926549833,False,2.4
Remibrutinib,58,-0.0007701900446618833,-0.03839546499788809,0.036855084908564324,0.019196921601626143,False,2.5
Remibrutinib,59,0.017868364124971194,-0.01943853257880036,0.055175260828742745,0.01903448073436227,False,2.4
Remibrutinib,60,0.02113989404988701,-0.017522506135004057,0.05980229423477808,0.019726076851337655,False,2.2
Remibrutinib,61,-0.017245171234821385,-0.05429193939324185,0.019801596923599087,0.01890175964999391,False,2.2
Remibrutinib,62,0.009874728420041006,-0.02654296722274809,0.04629242406283011,0.01858079838713734,False,2.3
Remibrutinib,63,0.01696725250783889,-0.02091240490220242,0.0548469099178802,0.019326710954298765,False,2.3
Remibrutinib,64,0.007954047657296192,-0.030740779750492473,0.04664887506508486,0.019742621656830706,False,2.4
Remibrutinib,65,-0.014896563373596499,-0.051781739676919486,0.021988612929726484,0.018819313310993752,False,2.4
Remibrutinib,66,-0.013541760418665174,-0.05399751536251033,0.026913994525179986,0.020641070582395903,False,2.4
Remibrutinib,67,0.009175809171409957,-0.029054818186745074,0.047406436529564985,0.019505780544802533,False,2.3
Remibrutinib,68,-0.009763323259373164,-0.04788895209619204,0.028362305577445707,0.019452208886259634,False,2.4
Remibrutinib,69,-0.022662298795498907,-0.05983717850255867,0.014512580911560859,0.018967123886097136,False,2.5
Remibrutinib,70,0.016832217738929997,-0.020502958347278555,0.05416739382513855,0.01904890925583514,False,2.6
Remibrutinib,71,-0.023106749277118182,-0.06195284708142329,0.015739348527186923,0.01981980184876772,False,2.4
Remibrutinib,72,-0.007936362351610042,-0.046070593865551304,0.03019786916233122,0.019456598087893056,False,2.4
Remibrutinib,73,-0.018333741414525137,-0.05668228216525044,0.020014799336200165,0.019565941544443525,False,2.3
Remibrutinib,74,-0.024156823317634354,-0.06171503160369518,0.013401384968426477,0.019162703285527282,False,2.3
Remibrutinib,75,0.012261662069515728,-0.0274301126661319,0.05195343680516335,0.020251277599349422,False,2.3
Remibrutinib,76,0.012788186828626426,-0.0256289526701357,0.05120532632738855,0.019600941548820097,False,2.3
Remibrutinib,77,0.02431019694420654,-0.014492482933874243,0.06311287682228732,0.01979764943853631,False,2.3
Remibrutinib,78,0.02383559230587015,-0.01470412785123567,0.06237531246297597,0.019663483850265732,False,2.3
Remibrutinib,79,-0.02237105467717478,-0.05997473937089848,0.015232630016548922,0.019185905960689472,False,2.3
Remibrutinib,80,0.04363559238412113,0.0049019965430874,0.08236918822515486,0.019762401833176225,True,2.3
Remibrutinib,81,-0.017834567339919512,-0.05541133477034936,0.019742200090510337,0.019172172410733365,False,2.5
Remibrutinib,82,0.028838041870094356,-0.008308807449914097,0.06598489119010281,0.018952822405420747,False,2.2
Remibrutinib,83,0.0010562106397484152,-0.0381166963327031,0.04022911761219993,0.019986544284202372,False,2.2
Remibrutinib,84,-0.010633692853071036,-0.04927884672531751,0.028011461019175433,0.019717277550544053,False,2.4
Remibrutinib,85,-0.014837262727593692,-0.05329485680603634,0.023620331350848962,0.019621582019767332,False,2.3
Remibrutinib,86,-0.01837881684549751,-0.056538542140320495,0.019780908449325472,0.0194696053579668,False,2.3
Remibrutinib,87,0.005095305860654594,-0.03212588165225107,0.04231649337356025,0.018990750751800362,False,2.3
Remibrutinib,88,-0.029412035151914272,-0.06683441188430636,0.00801034158047782,0.01909340019897051,False,2.4
Remibrutinib,89,-0.017311703199221137,-0.056517959468451916,0.02189455307000964,0.020003559544198128,False,2.4
Remibrutinib,90,0.014982495224598356,-0.02326584615391163,0.053230836603108345,0.019514818476363868,False,2.3
Remibrutinib,91,-0.025226325338218798,-0.06262890818838386,0.01217625751194627,0.0190833010938935,False,2.4
Remibrutinib,92,-0.0007299491662968756,-0.03954645861571707,0.03808656028312332,0.01980470547193718,False,2.4
Remibrutinib,93,-0.0021093837932911496,-0.03884245465147234,0.034623687064890045,0.018741707066010894,False,2.3
Remibrutinib,94,-0.009019726025933539,-0.046012311190326956,0.027972859138459878,0.018874114757304838,False,2.4
Remibrutinib,95,-0.029639739511509507,-0.06837466259745029,0.009095183574431273,0.019763079011388435,False,2.4
Remibrutinib,96,-0.010889776476493286,-0.05062757979742673,0.028848026844440156,0.02027476200296545,False,2.5
Remibrutinib,97,0.008622218326677868,-0.029012457845821203,0.046256894499176936,0.01920171823021066,False,2.3
Remibrutinib,98,-0.018862681890760357,-0.05638825301437546,0.018662889232854748,0.019146051366051638,False,2.4
Remibrutinib,99,0.0013737757989480503,-0.036630679719114725,0.03937823131701082,0.019390384628410053,False,2.4
Fabhalta,0,0.0017498052969163644,-0.03761421901676346,0.041113829610596196,0.02008405492354872,False,2.5
Fabhalta,1,0.007896801232101415,-0.030225140816372967,0.0460187432805758,0.019450327837233442,False,2.5
Fabhalta,2,-0.0026266797225022002,-0.03988762128040679,0.0346342618354024,0.01901103380052601,False,2.5
Fabhalta,3,0.04615420452428806,0.008217908714981188,0.08409050033359494,0.01935560862778273,True,2.2
Fabhalta,4,-0.01600338473009274,-0.05476879698643146,0.02276202752624598,0.019778634996415932,False,2.4
Fabhalta,5,-0.005303116531068604,-0.044205936973532964,0.03359970391139576,0.019848742502068844,False,2.4
Fabhalta,6,0.005278009713677139,-0.03300903618815508,0.04356505561550936,0.019534566045006727,False,2.3
Fabhalta,7,0.0053634085668175634,-0.03250128521502276,0.04322810234865789,0.019319076309826207,False,2.2
Fabhalta,8,-0.0024009518473115626,-0.0403740098769274,0.03557210618230428,0.019374365207290793,False,2.3
Fabhalta,9,-0.03430917200494778,-0.07316930615996359,0.004550962150068026,0.019826963383786433,False,2.2
Fabhalta,10,0.0211114400966873,-0.01755645421093769,0.05977933440431229,0.019728880026690498,False,2.3
Fabhalta,11,-0.020280225897071843,-0.05830532022969545,0.01774486843555177,0.019400914829333964,False,2.3
Fabhalta,12,0.007332642328031024,-0.03045129609869861,0.04511658075476066,0.01927787384093,False,2.3
Fabhalta,13,0.02647903947597007,-0.011472950281483884,0.06443102923342402,0.019363615891319644,False,2.4
Fabhalta,14,-0.012634901122687421,-0.05324847143217761,0.027978669186802772,0.020721590105657484,False,2.4
Fabhalta,15,-0.020324485147440195,-0.05813307454509197,0.01748410425021158,0.019290451098020737,False,2.3
Fabhalta,16,-0.005571771604348211,-0.04359602803088954,0.032452484822193116,0.019400487318375147,False,2.5
Fabhalta,17,0.010106593660926632,-0.02865071338269585,0.04886390070454911,0.01977449960781687,False,2.6
Fabhalta,18,0.0033168076348636935,-0.035321934528838875,0.04195554979856626,0.019714006210563077,False,2.5
Fabhalta,19,-0.04855016213616814,-0.08780746132402145,-0.009292862948314821,0.020029602328160055,True,2.4
Fabhalta,20,0.012735049221807626,-0.026048514060818186,0.05151861250443344,0.0197878958942846,False,2.2
Fabhalta,21,0.016655561873612258,-0.020305449049589752,0.05361657279681427,0.0188580051545568,False,2.3
Fabhalta,22,0.03409056585239277,-0.004842448094609694,0.07302357979939524,0.0198641476343959,False,2.2
Fabhalta,23,0.03468786333062372,-0.0038004066224885877,0.07317613328373604,0.019637233263826725,False,2.4
Fabhalta,24,0.011081487791263441,-0.028721537263381645,0.05088451284590853,0.020308039009189087,False,2.4
Fabhalta,25,0.03131414699554637,-0.006579785459037285,0.06920807945013002,0.019333994274122468,False,2.3
Fabhalta,26,0.00839293275804123,-0.030101154870486518,0.04688702038656897,0.0196402015201117,False,2.9
Fabhalta,27,0.003635438641913522,-0.03492861812468287,0.04219949540850991,0.01967590071592374,False,2.5
Fabhalta,28,0.02098604423498932,-0.017057627259827585,0.059029715729806226,0.019410393147476453,False,2.3
Fabhalta,29,-0.021477786465870213,-0.06060261326643206,0.017647040334691628,0.01996201313349301,False,2.4
Fabhalta,30,0.003271032801532028,-0.03790782168576854,0.0444498872888326,0.021010005700162926,False,2.3
Fabhalta,31,-0.00022195516188502773,-0.03788812169551777,0.037444211371747714,0.019217785036224476,False,2.4
Fabhalta,32,0.01652409205504771,-0.021973943915630494,0.05502212802572591,0.019642216017409408,False,2.4
Fabhalta,33,-0.014781085582903546,-0.052911453421696626,0.023349282255889538,0.01945462678883927,False,2.4
Fabhalta,34,-0.00950218807512285,-0.04726785280731162,0.02826347665706592,0.019268550356067525,False,2.1
Fabhalta,35,0.007099348385950497,-0.03154625518072597,0.04574495195262697,0.01971750699069374,False,2.3
Fabhalta,36,-0.005561847191521562,-0.044430720382578955,0.033307025999535826,0.019831422157575402,False,2.8
Fabhalta,37,-0.01721155828394872,-0.05496706090691075,0.020543944339013312,0.019263365511189304,False,2.7
Fabhalta,38,-0.010755084205561474,-0.050280039996558355,0.028769871585435404,0.020166164328918643,False,2.9
Fabhalta,39,0.010989374176087759,-0.02748761661276458,0.0494663649649401,0.019631478482438423,False,2.6
Kisqali,0,-0.009537785664156877,-0.0472492397206898,0.028173668392376047,0.01924089133983893,False,2.7
Kisqali,1,-0.021829139614851105,-0.05923369853711585,0.015575419307413643,0.01908430931247061,False,3.1
Kisqali,2,-0.008178800728421323,-0.045775046168199024,0.029417444711356378,0.019182110353216743,False,3.2
Kisqali,3,-0.017209155907967014,-0.055576792163884975,0.02115848034795095,0.019575684328159596,False,3.0
Kisqali,4,-0.011787962101908868,-0.04942469274542856,0.02584876854161082,0.01920276644897224,False,3.0
Kisqali,5,-0.0014495181028930664,-0.03932995822340479,0.03643092201761866,0.01932711030371365,False,3.0
Kisqali,6,0.004280065284971919,-0.03513355291730558,0.04369368348724942,0.020109358392892473,False,2.4
Kisqali,7,0.002972628378181257,-0.03416813847507571,0.04011339523143822,0.01894971904903284,False,2.3
Kisqali,8,0.01147511379342612,-0.029469718095831716,0.052419945682683954,0.020890604221417055,False,2.5
Kisqali,9,6.100902765063561e-05,-0.038781367163257155,0.03890338521855842,0.01981790303153094,False,2.6
Kisqali,10,0.020193602180884587,-0.01791685356330437,0.05830405792507354,0.019444467370216687,False,2.6
Kisqali,11,-0.016176711363052373,-0.0544721494114781,0.022118726685373357,0.01953884783113122,False,2.5
Kisqali,12,0.007228569505282856,-0.037042553518032185,0.051499692528597894,0.02258772271966221,False,2.5
Kisqali,13,0.02119181201690847,-0.01689608274373428,0.05927970677755122,0.019432956452809957,False,2.5
Kisqali,14,-0.01261435994542903,-0.04988947878256643,0.024660758891708365,0.019018267239173162,False,2.5
Kisqali,15,0.0005493636124662996,-0.037928147800627046,0.03902687502555964,0.019631744111932185,False,2.3
Kisqali,16,0.030731107420644173,-0.008235358059723322,0.06969757290101167,0.0198812150568735,False,2.4
Kisqali,17,0.005179674281936334,-0.03314935571533813,0.0435087042792108,0.019555986895478168,False,2.4
Kisqali,18,0.0009395940504718117,-0.03663679922787303,0.03851598732881665,0.019171981513304657,False,2.4
Kisqali,19,0.027769823702609598,-0.01005917619186222,0.06559882359708141,0.01930086480816084,False,2.3
Kisqali,20,0.01671861702526027,-0.021758282551440647,0.05519551660196119,0.019631431944771335,False,2.3
Kisqali,21,-0.0008366030424497678,-0.03862796469921561,0.03695475861431607,0.01928166127278832,False,2.5
Kisqali,22,-0.02800039040440333,-0.06648208774858241,0.010481306939775753,0.01963387983030189,False,2.5
Kisqali,23,0.047958788480217354,0.009510310260530251,0.08640726669990445,0.019616930985958826,True,2.4
Kisqali,24,-0.022709007661484332,-0.06355218405911023,0.018134168736141567,0.020838738221616148,False,2.6
Kisqali,25,-0.00989873745174029,-0.049548580800702915,0.029751105897222338,0.020229883641595225,False,2.7
Kisqali,26,-0.01960587202434823,-0.05791218361699994,0.018700439568303483,0.01954439565971978,False,2.4
Kisqali,27,0.022693645229612532,-0.01658649542828457,0.06197378588750964,0.020041256353552337,False,2.4
Kisqali,28,-0.004717946032916615,-0.043928947797378534,0.034493055731545305,0.020005980759724828,False,2.4
Kisqali,29,0.014053132085681798,-0.024328648302528157,0.05243491247389175,0.01958290085479149,False,2.5
Kisqali,30,-0.048187452695189946,-0.087549855674001,-0.008825049716378881,0.020083227696680493,True,2.4
Kisqali,31,0.00630274738860421,-0.030987055139974816,0.04359254991718323,0.01902575905614401,False,2.2
Kisqali,32,-0.023710962602552545,-0.06058629622916921,0.01316437102406412,0.01881429144488603,False,2.2
Kisqali,33,-0.0035017625615476927,-0.045001702606315044,0.03799817748321965,0.021173827872406632,False,2.4
Kisqali,34,0.03913248738897225,0.0018184121512236293,0.07644656262672087,0.019038143318998356,True,2.6
Kisqali,35,0.001114621929980384,-0.037366336997511074,0.03959558085747185,0.019633503080171047,False,2.5
Kisqali,36,-0.017695905041725003,-0.05602805681129503,0.020636246727845024,0.01955757966571282,False,2.4
Kisqali,37,-0.015310013892031219,-0.05283623578745248,0.022216208003390046,0.019146383398584526,False,2.4
Kisqali,38,0.02666144955810955,-0.011358406545028468,0.06468130566124757,0.019398242214159953,False,2.5
Kisqali,39,0.03422735611128541,-0.004195439611538294,0.07265015183410911,0.019603827430451696,False,2.5
