brand,channel,spec,planted,ate,lo,hi,se,excl0,sec,err,covers_planted
Remibrutinib,call_frequency,default,0.05,0.08643684156964139,0.03284904282268512,0.14002464031659767,0.0273412160476672,True,2.6,0.03643684156964139,True
Remibrutinib,call_frequency,+other7_tbins,0.05,0.07144081202740188,0.012945245272785559,0.1299363787820182,0.02984522532863966,True,2.5,0.021440812027401876,True
Remibrutinib,call_frequency,+dgp_drivers,0.05,0.07705001233495858,0.033721391887003245,0.12037863278291391,0.02210684522252754,True,2.5,0.027050012334958573,True
Remibrutinib,call_frequency,+both,0.05,0.05683085935128772,0.020325875745562175,0.09333584295701326,0.018625333880455053,True,2.6,0.006830859351287716,True
Remibrutinib,email_campaign_count,default,0.062,0.09662691286838383,0.04324217453238099,0.15001165120438667,0.027237611893430116,True,2.4,0.03462691286838383,True
Remibrutinib,email_campaign_count,+other7_tbins,0.062,0.0755003430555066,0.03164214180842719,0.119358544302586,0.02237704447276956,True,2.6,0.013500343055506597,True
Remibrutinib,email_campaign_count,+dgp_drivers,0.062,0.08531757369925641,0.045400751114877645,0.12523439628363517,0.020366100040223992,True,2.8,0.02331757369925641,True
Remibrutinib,email_campaign_count,+both,0.062,0.05646907208905409,0.018995669164947278,0.09394247501316091,0.019119434448638978,True,2.6,-0.005530927910945907,True
Remibrutinib,engagement_score,default,0.138,0.16425887925754287,0.12132788525502994,0.2071898732600558,0.02190397085923372,True,2.4,0.02625887925754286,True
Remibrutinib,engagement_score,+other7_tbins,0.138,0.14487823033853928,0.10710719980402801,0.18264926087305056,0.019271288060619656,True,2.5,0.006878230338539265,True
Remibrutinib,engagement_score,+dgp_drivers,0.138,0.14340294964689385,0.10806798784843283,0.17873791144535486,0.018028373009493392,True,2.4,0.005402949646893834,True
Remibrutinib,engagement_score,+both,0.138,0.1416879011473896,0.1102454172887458,0.1731303850060334,0.01604237838381629,True,2.6,0.003687901147389594,True
Remibrutinib,patient_support_enrollment,default,0.074,0.08964857286216348,0.04816525486309769,0.13113189086122926,0.02116534708100808,True,2.4,0.01564857286216348,True
Remibrutinib,patient_support_enrollment,+other7_tbins,0.074,0.08160660060762139,0.0452866008850242,0.11792660033021857,0.018530952613968785,True,2.4,0.007606600607621389,True
Remibrutinib,patient_support_enrollment,+dgp_drivers,0.074,0.08109281856940673,0.046663944904383435,0.11552169223443001,0.01756607465065372,True,2.6,0.007092818569406731,True
Remibrutinib,patient_support_enrollment,+both,0.074,0.07800273422870459,0.047289600768097836,0.10871586768931134,0.015670253995924432,True,2.6,0.004002734228704591,True
Remibrutinib,peer_influence_score,default,0.093,0.0934756801803783,0.04509973438498178,0.14185162597577483,0.024682058536268946,True,2.5,0.00047568018037830173,True
Remibrutinib,peer_influence_score,+other7_tbins,0.093,0.09740374070798795,0.060933261779550246,0.13387421963642565,0.018607729129775954,True,2.5,0.004403740707987949,True
Remibrutinib,peer_influence_score,+dgp_drivers,0.093,0.09508456018206314,0.059172206058647606,0.13099691430547866,0.018322966343610195,True,2.8,0.0020845601820631415,True
Remibrutinib,peer_influence_score,+both,0.093,0.08540507095923887,0.053615366634479626,0.1171947752839981,0.01621953493814804,True,2.8,-0.007594929040761131,True
Remibrutinib,rep_training_score,default,0.0,0.04719631183715232,0.008304687288879523,0.08608793638542511,0.01984303020619,True,2.4,0.04719631183715232,False
Remibrutinib,rep_training_score,+other7_tbins,0.0,0.03419723848084627,-0.0007527278176427607,0.06914720477933531,0.017831943124552246,False,2.4,0.03419723848084627,True
Remibrutinib,rep_training_score,+dgp_drivers,0.0,0.052294461688231965,0.020452063792088138,0.08413685958437579,0.016246419907361875,True,2.5,0.052294461688231965,False
Remibrutinib,rep_training_score,+both,0.0,0.0432451538067658,0.013611661736660889,0.0728786458768707,0.015119406429837551,True,2.6,0.0432451538067658,False
Remibrutinib,sample_volume,default,0.037,0.07856741045072861,0.023716115057338415,0.1334187058441188,0.027985869039456965,True,2.3,0.04156741045072861,True
Remibrutinib,sample_volume,+other7_tbins,0.037,0.052645849053815454,6.367219645574823e-05,0.10522802591117517,0.026828134227017037,True,2.4,0.015645849053815455,True
Remibrutinib,sample_volume,+dgp_drivers,0.037,0.05467932168816359,0.014018330681535858,0.09534031269479132,0.020745784783473806,True,2.5,0.017679321688163593,True
Remibrutinib,sample_volume,+both,0.037,0.029491074738293856,-0.011044446966524894,0.0700265964431126,0.02068176865725992,False,2.6,-0.0075089252617061425,True
Remibrutinib,speaker_program_count,default,0.113,0.09841530477377977,0.04097639359232615,0.15585421595523338,0.029306105435877618,True,2.7,-0.014584695226220232,True
Remibrutinib,speaker_program_count,+other7_tbins,0.113,0.08308798786929686,0.04034268869647591,0.1258332870421178,0.02180922685824353,True,2.3,-0.029912012130703144,True
Remibrutinib,speaker_program_count,+dgp_drivers,0.113,0.10314275961943092,0.06227237615429486,0.14401314308456697,0.020852619633583293,True,2.4,-0.00985724038056908,True
Remibrutinib,speaker_program_count,+both,0.113,0.0947589244385789,0.057191237344802213,0.1323266115323556,0.019167539500779516,True,2.4,-0.0182410755614211,True
Fabhalta,call_frequency,default,0.05,0.06127846435542996,-0.01727090545940791,0.13982783417026784,0.040076945512481504,False,2.4,0.011278464355429958,True
Fabhalta,call_frequency,+other7_tbins,0.05,0.05840737180164366,0.012624689430204561,0.10419005417308276,0.023358940640015362,True,2.6,0.008407371801643658,True
Fabhalta,call_frequency,+dgp_drivers,0.05,0.07689097764286773,0.03629255597426104,0.11748939931147442,0.020713861065224604,True,2.5,0.026890977642867728,True
Fabhalta,call_frequency,+both,0.05,0.06299680508891685,0.028410097494255764,0.09758351268357793,0.01764660364551422,True,2.7,0.012996805088916846,True
Fabhalta,email_campaign_count,default,0.062,0.09754854407177109,0.03834835042660826,0.15674873771693393,0.030204735450307465,True,2.5,0.03554854407177109,True
Fabhalta,email_campaign_count,+other7_tbins,0.062,0.08843137672190829,0.042482466493923565,0.134380286949893,0.02344375232934068,True,2.5,0.02643137672190829,True
Fabhalta,email_campaign_count,+dgp_drivers,0.062,0.09715197098347514,0.05428839783052012,0.14001554413643016,0.021869571834511974,True,2.5,0.03515197098347514,True
Fabhalta,email_campaign_count,+both,0.062,0.06652193049810495,0.031158111507102362,0.10188574948910754,0.018043096337457164,True,2.6,0.0045219304981049535,True
Fabhalta,engagement_score,default,0.138,0.15602923278297331,0.11537559297181219,0.19668287259413444,0.020742034104622265,True,2.2,0.018029232782973303,True
Fabhalta,engagement_score,+other7_tbins,0.138,0.1455859645742319,0.10889072930340926,0.18228119984505453,0.018722402840189906,True,2.6,0.007585964574231885,True
Fabhalta,engagement_score,+dgp_drivers,0.138,0.15021785195114187,0.11670156852277641,0.18373413537950734,0.017100458831252836,True,2.8,0.012217851951141862,True
Fabhalta,engagement_score,+both,0.138,0.15213805417856524,0.12169625053010774,0.18257985782702274,0.015531817874501044,True,2.9,0.01413805417856523,True
Fabhalta,patient_support_enrollment,default,0.074,0.06137721965368871,0.02044089280363614,0.10231354650374128,0.02088626483596286,True,2.5,-0.012622780346311285,True
Fabhalta,patient_support_enrollment,+other7_tbins,0.074,0.06526485011136264,0.030111568974710075,0.10041813124801521,0.017935677090975738,True,2.5,-0.008735149888637356,True
Fabhalta,patient_support_enrollment,+dgp_drivers,0.074,0.07789054365737184,0.045236140721844446,0.11054494659289923,0.016660715805546004,True,2.4,0.0038905436573718477,True
Fabhalta,patient_support_enrollment,+both,0.074,0.07760520915234823,0.04757607459507244,0.10763434370962402,0.015321268550923271,True,2.5,0.0036052091523482294,True
Fabhalta,peer_influence_score,default,0.093,0.07262802594521607,0.028300531059231714,0.11695552083120042,0.022616484402588004,True,2.3,-0.02037197405478393,True
Fabhalta,peer_influence_score,+other7_tbins,0.093,0.08544725837927074,0.04932264798461455,0.12157186877392692,0.018431262349513828,True,2.3,-0.007552741620729261,True
Fabhalta,peer_influence_score,+dgp_drivers,0.093,0.10626175793859174,0.07037574731506903,0.14214776856211447,0.018309525535462386,True,2.4,0.013261757938591745,True
Fabhalta,peer_influence_score,+both,0.093,0.09095611190227385,0.06050266312650046,0.12140956067804723,0.015537759375165213,True,2.5,-0.002043888097726154,True
Fabhalta,rep_training_score,default,0.0,0.005835957231352302,-0.03484951653730561,0.04652143100001021,0.020758276218124285,False,2.3,0.005835957231352302,True
Fabhalta,rep_training_score,+other7_tbins,0.0,-0.010460062209614979,-0.045037442983494096,0.02411731856426414,0.017641844976040936,False,2.4,-0.010460062209614979,True
Fabhalta,rep_training_score,+dgp_drivers,0.0,-0.01801180588918358,-0.05149416876311003,0.015470556984742874,0.01708315210791171,False,2.5,-0.01801180588918358,True
Fabhalta,rep_training_score,+both,0.0,-0.017994331825261348,-0.04761172172133771,0.011623058070815016,0.015111190883962441,False,2.6,-0.017994331825261348,True
Fabhalta,sample_volume,default,0.037,-0.0037723062535696362,-0.07827041349577853,0.07072580098863925,0.038009936830391,False,2.4,-0.04077230625356963,True
Fabhalta,sample_volume,+other7_tbins,0.037,0.04428931549762705,-0.013804175722412,0.10238280671766611,0.029640080980198165,False,2.5,0.007289315497627055,True
Fabhalta,sample_volume,+dgp_drivers,0.037,0.03872529910535556,-0.0008695515649530874,0.0783201497756642,0.020201825636913633,False,2.5,0.0017252991053555641,True
Fabhalta,sample_volume,+both,0.037,0.0426739028275684,0.0013222898353437915,0.084025515819793,0.02109814941417336,True,2.7,0.005673902827568404,True
Fabhalta,speaker_program_count,default,0.113,0.08956101233906084,0.03519770774016042,0.14392431693796126,0.02773688956925293,True,2.4,-0.02343898766093916,True
Fabhalta,speaker_program_count,+other7_tbins,0.113,0.07666616884625653,0.03564806321497737,0.11768427447753568,0.02092798947063556,True,2.4,-0.03633383115374347,True
Fabhalta,speaker_program_count,+dgp_drivers,0.113,0.10425790511451669,0.06617393769433128,0.1423418725347021,0.019430952670858703,True,2.6,-0.008742094885483317,True
Fabhalta,speaker_program_count,+both,0.113,0.10089284886475199,0.06681706281780758,0.1349686349116964,0.017385924596436397,True,2.7,-0.012107151135248018,True
Kisqali,call_frequency,default,0.05,0.03184559635529869,-0.02703165227197231,0.09072284498256969,0.03003996455633228,False,2.4,-0.018154403644701313,True
Kisqali,call_frequency,+other7_tbins,0.05,0.002233786498847694,-0.04142309493132589,0.04589066792902128,0.0222743283930386,False,2.5,-0.04776621350115231,False
Kisqali,call_frequency,+dgp_drivers,0.05,0.06591961061007047,0.023166593541371863,0.10867262767876908,0.021813164632579457,True,2.6,0.015919610610070467,True
Kisqali,call_frequency,+both,0.05,0.021824753985870252,-0.022580260083484172,0.06622976805522468,0.02265603573311322,False,2.7,-0.02817524601412975,True
Kisqali,email_campaign_count,default,0.062,0.04766905881016574,-0.007128096483120405,0.10246621410345189,0.027958246031824632,False,2.5,-0.01433094118983426,True
Kisqali,email_campaign_count,+other7_tbins,0.062,0.047958031325858366,-0.003071717552477052,0.09898778020419378,0.026036064581212503,False,2.6,-0.014041968674141633,True
Kisqali,email_campaign_count,+dgp_drivers,0.062,0.07261329135311678,0.03151604865528432,0.11371053405094925,0.0209683662669326,True,2.5,0.010613291353116783,True
Kisqali,email_campaign_count,+both,0.062,0.05768173154111951,0.02298260761790223,0.09238085546433679,0.017703959969121653,True,2.5,-0.004318268458880489,True
Kisqali,engagement_score,default,0.138,0.1069207228667555,0.060719412459449486,0.15312203327406151,0.023572530297360596,True,2.5,-0.031079277133244515,True
Kisqali,engagement_score,+other7_tbins,0.138,0.11064066674982898,0.07094965907789115,0.15033167442176681,0.020250886233122364,True,2.5,-0.027359333250171036,True
Kisqali,engagement_score,+dgp_drivers,0.138,0.09715520157772994,0.05532356461438848,0.1389868385410714,0.021343064103883584,True,2.5,-0.04084479842227007,True
Kisqali,engagement_score,+both,0.138,0.09875238381910635,0.0625651295857292,0.1349396380524835,0.01846322407902268,True,2.6,-0.03924761618089366,False
Kisqali,patient_support_enrollment,default,0.074,0.06263715048512376,0.021127129910833126,0.1041471710594144,0.02117897109422234,True,2.3,-0.011362849514876233,True
Kisqali,patient_support_enrollment,+other7_tbins,0.074,0.07455262270322659,0.03944632906700525,0.10965891633944792,0.017911703435948473,True,2.2,0.0005526227032265907,True
Kisqali,patient_support_enrollment,+dgp_drivers,0.074,0.07610084848369955,0.04293557025305109,0.10926612671434802,0.016921371255927124,True,2.3,0.002100848483699555,True
Kisqali,patient_support_enrollment,+both,0.074,0.07147877517919396,0.0412725224060365,0.10168502795235142,0.015411636648132587,True,2.5,-0.0025212248208060367,True
Kisqali,peer_influence_score,default,0.093,0.1107208320037049,0.061928353709926075,0.15951331029748372,0.02489457902219004,True,2.2,0.017720832003704903,True
Kisqali,peer_influence_score,+other7_tbins,0.093,0.10249688691436137,0.06547101088551546,0.13952276294320728,0.018891100204341156,True,2.2,0.009496886914361374,True
Kisqali,peer_influence_score,+dgp_drivers,0.093,0.08870366754749984,0.05027045859704653,0.12713687649795313,0.01960914039931834,True,2.5,-0.004296332452500162,True
Kisqali,peer_influence_score,+both,0.093,0.0827417260865774,0.051000458036453394,0.1144829941367014,0.016194822099025844,True,2.4,-0.0102582739134226,True
Kisqali,rep_training_score,default,0.0,-0.010927338828810943,-0.050024570558759376,0.028169892901137486,0.019947933757121263,False,2.3,-0.010927338828810943,True
Kisqali,rep_training_score,+other7_tbins,0.0,-0.018932553282602304,-0.05269179593777172,0.01482668937256711,0.017224419898252224,False,2.4,-0.018932553282602304,True
Kisqali,rep_training_score,+dgp_drivers,0.0,-0.029411312553958496,-0.06239614053249745,0.003573515424580464,0.01682930310899541,False,2.6,-0.029411312553958496,True
Kisqali,rep_training_score,+both,0.0,-0.025312205891667505,-0.05427481585083202,0.0036504040674970074,0.01477711334882574,False,2.6,-0.025312205891667505,True
Kisqali,sample_volume,default,0.037,0.03344047655412148,-0.016704319976475347,0.0835852730847183,0.025584549984659206,False,2.4,-0.0035595234458785166,True
Kisqali,sample_volume,+other7_tbins,0.037,0.040917494148283655,-0.0007750965401300061,0.08261008483669732,0.021272120823280175,False,2.7,0.003917494148283657,True
Kisqali,sample_volume,+dgp_drivers,0.037,0.038204874178274756,0.0003332211642771907,0.07607652719227231,0.01932262700372269,True,2.6,0.0012048741782747577,True
Kisqali,sample_volume,+both,0.037,0.030062962702560907,-0.011574902912714912,0.07170082831783672,0.021244199354534064,False,2.9,-0.006937037297439091,True
Kisqali,speaker_program_count,default,0.113,0.13727207106606898,0.018809157482065977,0.255734984650072,0.06044137265706073,True,2.4,0.024272071066068976,True
Kisqali,speaker_program_count,+other7_tbins,0.113,0.0815629493880287,0.041132821957514984,0.12199307681854242,0.020627995080226686,True,2.4,-0.0314370506119713,True
Kisqali,speaker_program_count,+dgp_drivers,0.113,0.10206191288230822,0.059643502731242144,0.1444803230333743,0.02164244368042326,True,2.3,-0.010938087117691786,True
Kisqali,speaker_program_count,+both,0.113,0.10352176987041685,0.06661753541314355,0.14042600432769015,0.018829037037603344,True,2.5,-0.009478230129583154,True
