seed,ate,lo,hi,se,excl0,sec
427,0.04719631183715232,0.008304687288879523,0.08608793638542511,0.01984303020619,True,2.4
2001,-0.01356280942389458,-0.05205128081834286,0.024925661970553695,0.019637336041907115,False,2.3
2002,0.006249222020143568,-0.0319421667233138,0.04444061076360093,0.019485760475552703,False,2.5
2003,0.007350489112755727,-0.03146051460160128,0.04616149282711274,0.019801896371817677,False,2.4
2004,-0.032070507778813,-0.07029749418060649,0.0061564786229804935,0.0195039228798708,False,2.4
2005,0.009460484665035915,-0.027691157991109126,0.04661212732118095,0.018955268030021198,False,2.4
2006,-0.008251204828233155,-0.04515112227270901,0.028648712616242702,0.018826834439580373,False,2.6
2007,0.01364138705585563,-0.025272951826312354,0.052555725938023615,0.019854619365008406,False,2.5
2008,-0.020762603163060337,-0.0596192788107195,0.018094072484598833,0.019825198806792208,False,2.6
2009,0.0011034782605135825,-0.037501822128100014,0.039708778649127176,0.019696943766889234,False,2.8
2010,0.0019459823801159953,-0.036537821845885506,0.04042978660611749,0.019634954789759837,False,3.0
2011,0.029707261905957766,-0.008997959144198764,0.0684124829561143,0.01974792463303325,False,2.5
2012,0.023336250474536763,-0.01443921602164774,0.061111716970721264,0.019273551347959744,False,2.5
2013,0.004919875196559544,-0.03331812671658792,0.043157877109707005,0.0195095431419985,False,2.4
2014,-0.007396806930251639,-0.046040968258796326,0.03124735439829305,0.019716771141390817,False,2.3
2015,-0.003266860794052541,-0.04219926549520272,0.035665543907097634,0.019863836788963484,False,2.5
2016,0.0208733328895269,-0.01825866609142857,0.060005331870482376,0.01996567247644533,False,2.5
2017,0.0056448018135676434,-0.03286517813875311,0.04415478176588839,0.019648309997572694,False,3.5
2018,-0.011772550310731416,-0.050131598034724625,0.026586497413261797,0.019571302343596362,False,2.5
2019,-0.01058886841859732,-0.04877861654211053,0.02760087970491589,0.019484923409179497,False,2.4
2020,0.0008149809864590326,-0.03800023498256968,0.039630196955487744,0.019804045520835176,False,2.6
2021,-0.012857428523837533,-0.05163522961838288,0.02592037257070781,0.019784955948384614,False,2.4
2022,0.019818882757455615,-0.018553992262372088,0.05819175777728332,0.019578357216003997,False,2.6
2023,-0.007020587041794738,-0.04578542348786457,0.031744249404275095,0.01977834121026811,False,2.7
2024,-0.006055336246305824,-0.044475889905526464,0.032365217412914815,0.01960268349943013,False,3.3
2025,-0.013246997120496568,-0.05157693312522991,0.025082938884236773,0.01955644915267576,False,2.6
2026,-0.015595155838314868,-0.053328200355188024,0.022137888678558287,0.019251907083245718,False,2.5
2027,-0.018009973665027892,-0.0562622921785246,0.02024234484846882,0.0195168476641541,False,2.9
2028,-0.002974659504896324,-0.04122997051885959,0.035280651509066945,0.019518374478161994,False,2.8
2029,-0.04849021676174993,-0.0870070443202064,-0.009973389203293472,0.019651803738370853,True,2.8
2030,-0.0013842829228654214,-0.03949396147867537,0.036725395632944524,0.019444070838247153,False,2.6
2031,0.004680580304743325,-0.033709331470262116,0.043070492079748765,0.01958704959775801,False,2.6
2032,0.004149900523336161,-0.03344286626409687,0.0417426673107692,0.01918033549797853,False,2.6
2033,-0.015828994668249424,-0.05459899762719314,0.02294100829069429,0.01978097723466174,False,2.6
2034,-0.01070207518033473,-0.049176034682774025,0.027771884322104562,0.019629931879318697,False,2.6
2035,0.011282169903107963,-0.026924255265317255,0.049488595071533185,0.01949343226191534,False,2.6
2036,0.004276223360905081,-0.03403352713506456,0.042585973856874716,0.01954615023446965,False,2.6
2037,0.021809271927823563,-0.01697215393511491,0.06059069779076204,0.019786805353997024,False,2.5
2038,-0.03760562448834033,-0.07497069289610767,-0.00024055608057298866,0.019064160720553155,True,2.6
2039,-0.014835479611052183,-0.05427628291636942,0.024605323694265057,0.020123228598291232,False,2.5
2040,-0.008506653435326821,-0.04717882244581298,0.03016551557515934,0.01973106103761462,False,2.8
2041,-0.008488332867276896,-0.04742922739600378,0.030452561661449988,0.019868168413240093,False,3.1
2042,0.03259735301461761,-0.006777919811735929,0.07197262584097114,0.020089794066085232,False,3.7
2043,0.011554969935575313,-0.026199279436820235,0.04930921930797086,0.019262726085885383,False,3.0
2044,-0.01427753559979003,-0.0518754201173153,0.02332034891773524,0.019182946632740498,False,2.5
2045,0.018951886053074827,-0.019853190139880166,0.05775696224602982,0.019798872070632162,False,2.9
2046,0.010947873652982804,-0.02752404879952093,0.04941979610548654,0.019628892549029147,False,2.6
2047,-0.01621814994006746,-0.05441420494258982,0.021977905062454905,0.019488141263721163,False,2.9
2048,0.022292789461337323,-0.016507124660635634,0.06109270358331028,0.019796238312551527,False,2.6
2049,-0.003735390649836043,-0.04228523232695855,0.03481445102728646,0.01966864798598278,False,2.4
2050,-0.019905332983952573,-0.058386505211996745,0.0185758392440916,0.01963361190898341,False,2.5
2051,-0.00035343422481606807,-0.03893924448294227,0.03823237603331013,0.019686999640037346,False,2.8
2052,-0.03607463756449217,-0.07346445703919975,0.0013151819102154155,0.01907678904797931,False,2.8
2053,-0.006450923303149787,-0.04414049952837058,0.03123865292207101,0.019229728975895158,False,2.8
2054,0.009298877726995556,-0.02924676606277562,0.047844521516766735,0.019666506167365476,False,2.8
2055,0.029853667940968817,-0.009866956074559063,0.0695742919564967,0.020265996890166914,False,2.8
2056,0.004466540223336297,-0.03391771205306536,0.04285079249973796,0.019584162045410913,False,2.7
2057,0.030284023133397064,-0.009197687615742405,0.06976573388253654,0.02014410012661772,False,2.6
2058,-0.0029057278811219765,-0.04065228937981189,0.034840833617567936,0.01925880362926563,False,2.6
2059,0.03408752737771251,-0.003968651733385384,0.07214370648881041,0.019416774701617068,False,2.7
2060,0.02475579348323137,-0.014215710746570756,0.0637272977130335,0.01988378589464112,False,2.9
2061,-0.005553207911140808,-0.04423210057515317,0.03312568475287156,0.019734491536123392,False,3.0
2062,0.019770857213655468,-0.01839412124252589,0.05793583566983683,0.01947228559158324,False,3.5
2063,0.021314922974798197,-0.016810503306317105,0.0594403492559135,0.019452105539613896,False,3.1
2064,-0.0020841285071911,-0.039374872763644805,0.03520661574926261,0.019026239538378436,False,3.4
2065,0.02574255519118924,-0.013274694695644663,0.06475980507802315,0.019907125944454592,False,3.6
2066,-0.00670780258603255,-0.044308269669022946,0.030892664496957847,0.019184264292394195,False,2.9
2067,0.02831580075629352,-0.00987147692977933,0.06650307844236637,0.019483662958752933,False,2.8
2068,0.016009329592876275,-0.02252299834941419,0.05454165753516674,0.01965971224279046,False,2.6
2069,-0.01300293163541786,-0.05150418726808156,0.025498323997245838,0.019643858732281156,False,2.6
2070,-0.008978571483465482,-0.047714080650095574,0.029756937683164612,0.019763378037642967,False,2.8
2071,0.019712482607289437,-0.018540050430968784,0.05796501564554766,0.019516957117574268,False,2.7
2072,0.01496594112392791,-0.023563026512104877,0.0534949087599607,0.019657997769318404,False,3.0
2073,0.02596942056276219,-0.01288458321764567,0.06482342434317005,0.019823835584165474,False,2.5
2074,0.018835768429596632,-0.02054815688366462,0.05821969374285788,0.020094208681341413,False,2.7
2075,-0.013678525420191389,-0.051605363325528716,0.024248312485145942,0.019350783077903166,False,2.5
2076,0.022393134166013906,-0.01701581006241954,0.06180207839444735,0.020106973668539925,False,2.6
2077,-0.015376682910099033,-0.0533007359669614,0.022547370146763335,0.019349362210735743,False,3.0
2078,0.011291970745126733,-0.026545548980895988,0.04912949047114945,0.01930521174086884,False,3.0
2079,0.014158563231747417,-0.024420443017030162,0.052737569480525,0.01968352814290664,False,3.0
2080,0.015991244800015576,-0.02211694815062784,0.054099437750658994,0.01944331286249951,False,3.3
2081,-0.012144597285757433,-0.05024551648024469,0.025956321908729825,0.01943960169422625,False,2.7
2082,0.03966446051254833,0.0009518258541199587,0.0783770951709767,0.019751707155737912,True,2.8
2083,0.020033190962809058,-0.019122878132986684,0.059189260058604795,0.01997795337294656,False,3.0
2084,0.00126728619795056,-0.03778329312679252,0.04031786552269364,0.01992413107218759,False,2.9
2085,-0.008779366982591488,-0.04723145859871036,0.029672724633527384,0.019618774589443517,False,2.8
2086,-0.020225373875866648,-0.058637614608370726,0.01818686685663743,0.01959844213235291,False,2.9
2087,0.003544185749195728,-0.035429278001688255,0.04251764950007972,0.019884785668666215,False,2.7
2088,-0.015140576692033753,-0.053013409983542086,0.02273225659947458,0.01932322919719159,False,2.6
2089,-0.02585059864105846,-0.06412748915525182,0.01242629187313491,0.0195293846295731,False,2.6
2090,-0.01187401050865528,-0.04891154289660795,0.025163521879297386,0.01889704743561617,False,2.6
2091,-0.03485056563568595,-0.07272188804654592,0.0030207567751740286,0.01932245832555299,False,2.7
2092,-0.02176539659385986,-0.05962083363520808,0.016090040447488355,0.01931435339625987,False,2.7
2093,-0.014061316615064691,-0.051940488815800476,0.023817855585671094,0.019326463393981662,False,2.9
2094,-0.0014813010680883765,-0.039375761895866244,0.036413159759689485,0.019334263857236432,False,2.8
2095,-0.0006155271172890622,-0.039482504195298765,0.038251449960720635,0.01983045473518262,False,2.6
2096,-0.0024038603859522618,-0.04096984307169096,0.03616212229978643,0.019676883345787093,False,2.5
2097,0.03197841903154454,-0.006058406678516488,0.07001524474160556,0.019406900335970798,False,2.6
2098,-0.013875188751117302,-0.052579660930231545,0.024829283427996937,0.019747542548949976,False,2.7
2099,0.0005015657106825313,-0.038600579385939596,0.039603710807304654,0.019950440622916985,False,2.9
2100,-0.004087418728195343,-0.04228467273847507,0.03410983528208439,0.019488753013613927,False,2.7
