channel,n,shipped_lo,shipped_hi,shipped_width,shipped_excludes_0,dr_ate,dr_se,dr_lo,dr_hi,dr_width,dr_excludes_0,width_ratio_shipped_over_dr,oob_present,oob_nanmean,oob_matches_ate_,oob_nan_frac,ate_and_stderr_callable,ate_and_stderr_matches,brand,seconds,peak_rss_gib
engagement_score,3354,-0.0015324671035299442,0.2987224877059001,0.30025495480943004,False,0.16425887925754287,0.02190397085923372,0.12132788525502991,0.20718987326005583,0.08586198800502591,True,3.496948554136141,True,0.16425887925754287,True,0.0,True,True,Remibrutinib,2.9,0.624
speaker_program_count,3354,-0.07155761322435998,0.2763852089514232,0.3479428221757832,False,0.09841530477377977,0.029306105435877618,0.04097639359232614,0.1558542159552334,0.11487782236290726,True,3.0288076063681544,True,0.09841530477377977,True,0.0,True,True,Remibrutinib,2.4,0.63
peer_influence_score,3354,-0.061456596132607136,0.26163533652032855,0.3230919326529357,False,0.0934756801803783,0.024682058536268946,0.045099734384981764,0.14185162597577483,0.09675189159079307,True,3.3393862108602037,True,0.0934756801803783,True,0.0,True,True,Remibrutinib,2.3,0.633
patient_support_enrollment,3354,-0.08003558983468159,0.24556252400112366,0.3255981138358053,False,0.08964857286216348,0.02116534708100808,0.048165254863097674,0.13113189086122928,0.0829666359981316,True,3.924446374361107,True,0.08964857286216348,True,0.0,True,True,Remibrutinib,2.0,0.637
rep_training_score,3354,-0.09176903952759735,0.19959201234704582,0.2913610518746432,False,0.04719631183715232,0.01984303020619,0.008304687288879516,0.08608793638542511,0.0777832490965456,True,3.7458071661804966,True,0.04719631183715232,True,0.0,True,True,Remibrutinib,2.0,0.64
engagement_score,3404,0.008928553832195985,0.31288290746596603,0.30395435363377005,True,0.15602923278297331,0.020742034104622265,0.11537559297181216,0.19668287259413447,0.0813072796223223,True,3.7383412044488287,True,0.15602923278297331,True,0.0,True,True,Fabhalta,2.2,0.644
speaker_program_count,3404,-0.08853273759199709,0.2676896122554191,0.3562223498474162,False,0.08956101233906084,0.02773688956925293,0.03519770774016041,0.1439243169379613,0.10872660919780087,True,3.2763125096576746,True,0.08956101233906084,True,0.0,True,True,Fabhalta,2.1,0.651
peer_influence_score,3404,-0.07479401013919632,0.25593577719282823,0.3307297873320245,False,0.07262802594521607,0.022616484402588004,0.0283005310592317,0.11695552083120045,0.08865498977196874,True,3.730526484552095,True,0.07262802594521607,True,0.0,True,True,Fabhalta,2.2,0.651
patient_support_enrollment,3404,-0.09774940555131473,0.21705897418226375,0.31480837973357845,False,0.06137721965368871,0.02088626483596286,0.020440892803636125,0.1023135465037413,0.08187265370010517,True,3.84509803342522,True,0.06137721965368871,True,0.0,True,True,Fabhalta,2.3,0.651
rep_training_score,3404,-0.15579949509018856,0.16441850960789384,0.32021800469808237,False,0.0058359572313523,0.020758276218124285,-0.034849516537305614,0.046521431000010216,0.08137094753731583,False,3.935286664214324,True,0.0058359572313523,True,0.0,True,True,Fabhalta,2.4,0.655
engagement_score,3378,-0.05103528924576263,0.27850380356706733,0.32953909281282995,False,0.1069207228667555,0.023572530297360596,0.06071941245944948,0.15312203327406151,0.09240262081461204,True,3.5663392434938217,True,0.1069207228667555,True,0.0,True,True,Kisqali,2.3,0.66
speaker_program_count,3378,-0.09498968985283299,0.2761646410234721,0.3711543308763051,False,0.13727207106606898,0.06044137265706073,0.01880915748206595,0.255734984650072,0.23692582716800606,True,1.5665423027651457,True,0.13727207106606898,True,0.0,True,True,Kisqali,2.9,0.664
peer_influence_score,3378,-0.026308890792377304,0.26640175389942133,0.29271064469179864,False,0.1107208320037049,0.02489457902219004,0.06192835370992607,0.15951331029748372,0.09758495658755767,True,2.999546804421287,True,0.1107208320037049,True,0.0,True,True,Kisqali,2.4,0.665
patient_support_enrollment,3378,-0.0844233475196682,0.2037639703548853,0.2881873178745535,False,0.06263715048512378,0.02117897109422234,0.021127129910833133,0.10414717105941443,0.08302004114858129,True,3.4712981815894732,True,0.06263715048512378,True,0.0,True,True,Kisqali,2.2,0.665
rep_training_score,3378,-0.16208165474368502,0.14104955063162056,0.3031312053753056,False,-0.010927338828810943,0.019947933757121263,-0.05002457055875938,0.028169892901137493,0.07819446345989688,False,3.8766325896048976,True,-0.010927338828810943,True,0.0,True,True,Kisqali,2.2,0.666
