feature,type,source_table,lookback_window,null_rate,notes
age_at_index,feature,optum_mart.patient,enrollment,,"pre-index admissible; data_quality_band is upstream-opaque, NOT used as a gate"
cci_cerebrovascular,feature,optum_mart.patient,index_date,,"pre-index admissible; data_quality_band is upstream-opaque, NOT used as a gate"
cci_chf,feature,optum_mart.patient,index_date,,"pre-index admissible; data_quality_band is upstream-opaque, NOT used as a gate"
cci_chronic_pulmonary,feature,optum_mart.patient,index_date,,"pre-index admissible; data_quality_band is upstream-opaque, NOT used as a gate"
cci_dementia,feature,optum_mart.patient,index_date,,"pre-index admissible; data_quality_band is upstream-opaque, NOT used as a gate"
cci_diabetes_complication,feature,optum_mart.patient,index_date,,"pre-index admissible; data_quality_band is upstream-opaque, NOT used as a gate"
cci_diabetes_no_complication,feature,optum_mart.patient,index_date,,"pre-index admissible; data_quality_band is upstream-opaque, NOT used as a gate"
cci_hiv,feature,optum_mart.patient,index_date,,"pre-index admissible; data_quality_band is upstream-opaque, NOT used as a gate"
cci_malignancy,feature,optum_mart.patient,index_date,,"pre-index admissible; data_quality_band is upstream-opaque, NOT used as a gate"
cci_metastatic_cancer,feature,optum_mart.patient,index_date,,"pre-index admissible; data_quality_band is upstream-opaque, NOT used as a gate"
cci_mi,feature,optum_mart.patient,index_date,,"pre-index admissible; data_quality_band is upstream-opaque, NOT used as a gate"
cci_mild_liver,feature,optum_mart.patient,index_date,,"pre-index admissible; data_quality_band is upstream-opaque, NOT used as a gate"
cci_paraplegia,feature,optum_mart.patient,index_date,,"pre-index admissible; data_quality_band is upstream-opaque, NOT used as a gate"
cci_peptic_ulcer,feature,optum_mart.patient,index_date,,"pre-index admissible; data_quality_band is upstream-opaque, NOT used as a gate"
cci_pvd,feature,optum_mart.patient,index_date,,"pre-index admissible; data_quality_band is upstream-opaque, NOT used as a gate"
cci_renal,feature,optum_mart.patient,index_date,,"pre-index admissible; data_quality_band is upstream-opaque, NOT used as a gate"
cci_rheumatic,feature,optum_mart.patient,index_date,,"pre-index admissible; data_quality_band is upstream-opaque, NOT used as a gate"
cci_severe_liver,feature,optum_mart.patient,index_date,,"pre-index admissible; data_quality_band is upstream-opaque, NOT used as a gate"
charlson_risk_band,feature,optum_mart.patient,index_date,,"pre-index admissible; data_quality_band is upstream-opaque, NOT used as a gate"
charlson_score,feature,optum_mart.patient,index_date,,"pre-index admissible; data_quality_band is upstream-opaque, NOT used as a gate"
comorbidity_diag_claim_count,feature,optum_mart.patient,index_date,,"pre-index admissible; data_quality_band is upstream-opaque, NOT used as a gate"
comorbidity_diag_distinct_count,feature,optum_mart.patient,index_date,,"pre-index admissible; data_quality_band is upstream-opaque, NOT used as a gate"
elixhauser_risk_band,feature,optum_mart.patient,index_date,,"pre-index admissible; data_quality_band is upstream-opaque, NOT used as a gate"
elixhauser_van_walraven_score,feature,optum_mart.patient,index_date,,"pre-index admissible; data_quality_band is upstream-opaque, NOT used as a gate"
elx_aids_hiv,feature,optum_mart.patient,index_date,,"pre-index admissible; data_quality_band is upstream-opaque, NOT used as a gate"
elx_alcohol_abuse,feature,optum_mart.patient,index_date,,"pre-index admissible; data_quality_band is upstream-opaque, NOT used as a gate"
elx_blood_loss_anemia,feature,optum_mart.patient,index_date,,"pre-index admissible; data_quality_band is upstream-opaque, NOT used as a gate"
elx_cardiac_arrhythmia,feature,optum_mart.patient,index_date,,"pre-index admissible; data_quality_band is upstream-opaque, NOT used as a gate"
elx_chf,feature,optum_mart.patient,index_date,,"pre-index admissible; data_quality_band is upstream-opaque, NOT used as a gate"
elx_chronic_pulmonary,feature,optum_mart.patient,index_date,,"pre-index admissible; data_quality_band is upstream-opaque, NOT used as a gate"
elx_coagulopathy,feature,optum_mart.patient,index_date,,"pre-index admissible; data_quality_band is upstream-opaque, NOT used as a gate"
elx_deficiency_anemia,feature,optum_mart.patient,index_date,,"pre-index admissible; data_quality_band is upstream-opaque, NOT used as a gate"
elx_depression,feature,optum_mart.patient,index_date,,"pre-index admissible; data_quality_band is upstream-opaque, NOT used as a gate"
elx_diabetes_complicated,feature,optum_mart.patient,index_date,,"pre-index admissible; data_quality_band is upstream-opaque, NOT used as a gate"
elx_diabetes_uncomplicated,feature,optum_mart.patient,index_date,,"pre-index admissible; data_quality_band is upstream-opaque, NOT used as a gate"
elx_drug_abuse,feature,optum_mart.patient,index_date,,"pre-index admissible; data_quality_band is upstream-opaque, NOT used as a gate"
elx_fluid_electrolyte,feature,optum_mart.patient,index_date,,"pre-index admissible; data_quality_band is upstream-opaque, NOT used as a gate"
elx_hypertension_complicated,feature,optum_mart.patient,index_date,,"pre-index admissible; data_quality_band is upstream-opaque, NOT used as a gate"
elx_hypertension_uncomplicated,feature,optum_mart.patient,index_date,,"pre-index admissible; data_quality_band is upstream-opaque, NOT used as a gate"
elx_hypothyroidism,feature,optum_mart.patient,index_date,,"pre-index admissible; data_quality_band is upstream-opaque, NOT used as a gate"
elx_liver_disease,feature,optum_mart.patient,index_date,,"pre-index admissible; data_quality_band is upstream-opaque, NOT used as a gate"
elx_lymphoma,feature,optum_mart.patient,index_date,,"pre-index admissible; data_quality_band is upstream-opaque, NOT used as a gate"
elx_metastatic_cancer,feature,optum_mart.patient,index_date,,"pre-index admissible; data_quality_band is upstream-opaque, NOT used as a gate"
elx_obesity,feature,optum_mart.patient,index_date,,"pre-index admissible; data_quality_band is upstream-opaque, NOT used as a gate"
elx_other_neurological,feature,optum_mart.patient,index_date,,"pre-index admissible; data_quality_band is upstream-opaque, NOT used as a gate"
elx_paralysis,feature,optum_mart.patient,index_date,,"pre-index admissible; data_quality_band is upstream-opaque, NOT used as a gate"
elx_peptic_ulcer,feature,optum_mart.patient,index_date,,"pre-index admissible; data_quality_band is upstream-opaque, NOT used as a gate"
elx_psychoses,feature,optum_mart.patient,index_date,,"pre-index admissible; data_quality_band is upstream-opaque, NOT used as a gate"
elx_pulmonary_circulation,feature,optum_mart.patient,index_date,,"pre-index admissible; data_quality_band is upstream-opaque, NOT used as a gate"
elx_pvd,feature,optum_mart.patient,index_date,,"pre-index admissible; data_quality_band is upstream-opaque, NOT used as a gate"
elx_renal_failure,feature,optum_mart.patient,index_date,,"pre-index admissible; data_quality_band is upstream-opaque, NOT used as a gate"
elx_rheumatoid_collagen,feature,optum_mart.patient,index_date,,"pre-index admissible; data_quality_band is upstream-opaque, NOT used as a gate"
elx_solid_tumor_no_metastasis,feature,optum_mart.patient,index_date,,"pre-index admissible; data_quality_band is upstream-opaque, NOT used as a gate"
elx_valvular_disease,feature,optum_mart.patient,index_date,,"pre-index admissible; data_quality_band is upstream-opaque, NOT used as a gate"
elx_weight_loss,feature,optum_mart.patient,index_date,,"pre-index admissible; data_quality_band is upstream-opaque, NOT used as a gate"
enrollment_duration_days,feature,optum_mart.patient,index_date,,"pre-index admissible; data_quality_band is upstream-opaque, NOT used as a gate"
gdr_cd,feature,optum_mart.patient,enrollment,,"pre-index admissible; data_quality_band is upstream-opaque, NOT used as a gate"
geographic_region,feature,optum_mart.patient,enrollment,,"pre-index admissible; data_quality_band is upstream-opaque, NOT used as a gate"
health_exchange_flag,feature,optum_mart.patient,enrollment,,"pre-index admissible; data_quality_band is upstream-opaque, NOT used as a gate"
high_comorbidity_burden_flag,feature,optum_mart.patient,index_date,,"pre-index admissible; data_quality_band is upstream-opaque, NOT used as a gate"
lis_dual_flag,feature,optum_mart.patient,enrollment,,"pre-index admissible; data_quality_band is upstream-opaque, NOT used as a gate"
payer_bus,feature,optum_mart.patient,enrollment,,"pre-index admissible; data_quality_band is upstream-opaque, NOT used as a gate"
payer_category,feature,optum_mart.patient,enrollment,,"pre-index admissible; data_quality_band is upstream-opaque, NOT used as a gate"
payer_product,feature,optum_mart.patient,enrollment,,"pre-index admissible; data_quality_band is upstream-opaque, NOT used as a gate"
persistent_at_180d_g28,target,optum_mart.patient,derived,,supervised label (post-index)
index_biologic_brand,treatment,optum_mart.patient,post-index (mart_treatment),,CAUSAL export only — the treatment / its anchor / a secondary outcome; never a prediction feature (manifest forbids it as such)
treatment_dupixent,treatment,optum_mart.patient,post-index (mart_treatment),,CAUSAL export only — the treatment / its anchor / a secondary outcome; never a prediction feature (manifest forbids it as such)
treatment_start_date,anchor,optum_mart.patient,post-index (mart_treatment),,CAUSAL export only — the treatment / its anchor / a secondary outcome; never a prediction feature (manifest forbids it as such)
discontinued_180d,outcome,optum_mart.patient,post-index (mart_treatment),,CAUSAL export only — the treatment / its anchor / a secondary outcome; never a prediction feature (manifest forbids it as such)
biologic_switch_180d_flag,outcome,optum_mart.patient,post-index (mart_treatment),,CAUSAL export only — the treatment / its anchor / a secondary outcome; never a prediction feature (manifest forbids it as such)
persistent_at_180d,outcome,optum_mart.patient,post-index (mart_treatment),,CAUSAL export only — the treatment / its anchor / a secondary outcome; never a prediction feature (manifest forbids it as such)
